{"stats":{"minecraft:dropped":{"minecraft:stone_sword":1,"minecraft:rail":9,"minecraft:leather_helmet":1,"minecraft:leather_chestplate":1,"minecraft:dirt":1,"minecraft:torch":2,"minecraft:spider_eye":1},"minecraft:killed":{"minecraft:cave_spider":7,"minecraft:pig":3,"minecraft:salmon":3,"minecraft:spider":1,"minecraft:cod":4,"minecraft:skeleton":1,"minecraft:pillager":1,"minecraft:zombie":2,"minecraft:chicken":4,"minecraft:cow":2},"minecraft:custom":{"minecraft:interact_with_furnace":10,"minecraft:mob_kills":28,"minecraft:interact_with_anvil":2,"minecraft:interact_with_crafting_table":9,"minecraft:time_since_death":65955,"minecraft:sleep_in_bed":1,"minecraft:climb_one_cm":2792,"minecraft:time_since_rest":3741,"minecraft:sprint_one_cm":418397,"minecraft:damage_taken":665,"minecraft:walk_one_cm":290232,"minecraft:drop":7,"minecraft:damage_dealt":2707,"minecraft:swim_one_cm":17524,"minecraft:talked_to_villager":1,"minecraft:fly_one_cm":70234,"minecraft:open_chest":24,"minecraft:crouch_one_cm":599,"minecraft:play_time":65955,"minecraft:sneak_time":427,"minecraft:walk_under_water_one_cm":16050,"minecraft:jump":890,"minecraft:walk_on_water_one_cm":12827,"minecraft:total_world_time":65955,"minecraft:fall_one_cm":11280},"minecraft:broken":{"minecraft:stone_sword":1},"minecraft:mined":{"minecraft:kelp_plant":1,"minecraft:short_grass":10,"minecraft:grass_block":2,"minecraft:oak_planks":2,"minecraft:kelp":2,"minecraft:spawner":2,"minecraft:iron_ore":16,"minecraft:oak_log":17,"minecraft:coal_ore":84,"minecraft:cobweb":32,"minecraft:stone":27,"minecraft:oak_leaves":10},"minecraft:used":{"minecraft:stone_sword":199,"minecraft:stone_pickaxe":111,"minecraft:oak_planks":2,"minecraft:chest":2,"minecraft:wooden_pickaxe":16,"minecraft:cooked_chicken":4,"minecraft:torch":1,"minecraft:crafting_table":3,"minecraft:diamond_pickaxe":2,"minecraft:apple":6,"minecraft:stone_axe":12,"minecraft:furnace":2,"minecraft:cooked_porkchop":4,"minecraft:cooked_beef":2,"minecraft:potato":1},"minecraft:picked_up":{"minecraft:feather":4,"minecraft:chicken":4,"minecraft:salmon":3,"minecraft:leather":1,"minecraft:oak_log":16,"minecraft:golden_boots":1,"minecraft:string":34,"minecraft:dirt":2,"minecraft:apple":3,"minecraft:kelp":3,"minecraft:beef":3,"minecraft:oak_planks":5,"minecraft:egg":1,"minecraft:raw_iron":16,"minecraft:torch":2,"minecraft:porkchop":4,"minecraft:spider_eye":4,"minecraft:stone_sword":1,"minecraft:arrow":2,"minecraft:rotten_flesh":4,"minecraft:coal":84,"minecraft:cod":4,"minecraft:rail":11,"minecraft:cobblestone":27},"minecraft:crafted":{"minecraft:cooked_beef":2,"minecraft:oak_planks":52,"minecraft:cooked_porkchop":4,"minecraft:crafting_table":3,"minecraft:wooden_pickaxe":1,"minecraft:cooked_chicken":4,"minecraft:iron_helmet":1,"minecraft:furnace":2,"minecraft:stone_axe":1,"minecraft:iron_boots":1,"minecraft:iron_chestplate":1,"minecraft:diamond_pickaxe":1,"minecraft:stick":12,"minecraft:stone_pickaxe":1,"minecraft:stone_sword":2,"minecraft:chest":2,"minecraft:iron_leggings":1}},"DataVersion":3953}