{"stats":{"minecraft:dropped":{"minecraft:dirt":1},"minecraft:killed":{"minecraft:zombie":1,"minecraft:pig":1,"minecraft:chicken":3,"minecraft:salmon":3,"minecraft:spider":1,"minecraft:cod":4,"minecraft:cow":1},"minecraft:custom":{"minecraft:time_since_rest":4487,"minecraft:interact_with_furnace":2,"minecraft:sprint_one_cm":144545,"minecraft:damage_taken":155,"minecraft:walk_one_cm":81087,"minecraft:mob_kills":14,"minecraft:drop":1,"minecraft:damage_dealt":900,"minecraft:swim_one_cm":16671,"minecraft:interact_with_crafting_table":4,"minecraft:talked_to_villager":1,"minecraft:fly_one_cm":24378,"minecraft:open_chest":11,"minecraft:crouch_one_cm":261,"minecraft:play_time":23955,"minecraft:sneak_time":347,"minecraft:walk_under_water_one_cm":15255,"minecraft:jump":224,"minecraft:walk_on_water_one_cm":9549,"minecraft:time_since_death":23955,"minecraft:total_world_time":23955,"minecraft:climb_one_cm":2792,"minecraft:fall_one_cm":3886},"minecraft:mined":{"minecraft:kelp_plant":1,"minecraft:short_grass":1,"minecraft:grass_block":1,"minecraft:coal_ore":40,"minecraft:oak_log":5,"minecraft:stone":15,"minecraft:kelp":2,"minecraft:oak_planks":2},"minecraft:used":{"minecraft:apple":5,"minecraft:stone_sword":48,"minecraft:stone_pickaxe":39,"minecraft:oak_planks":2,"minecraft:wooden_pickaxe":16,"minecraft:crafting_table":2,"minecraft:furnace":1,"minecraft:cooked_beef":1,"minecraft:potato":1},"minecraft:picked_up":{"minecraft:feather":4,"minecraft:chicken":3,"minecraft:salmon":3,"minecraft:porkchop":2,"minecraft:oak_log":5,"minecraft:dirt":1,"minecraft:rotten_flesh":1,"minecraft:apple":3,"minecraft:kelp":3,"minecraft:beef":2,"minecraft:cod":4,"minecraft:oak_planks":2,"minecraft:coal":40,"minecraft:cobblestone":15,"minecraft:egg":1},"minecraft:crafted":{"minecraft:cooked_beef":2,"minecraft:oak_planks":20,"minecraft:cooked_porkchop":2,"minecraft:crafting_table":2,"minecraft:stick":8,"minecraft:wooden_pickaxe":1,"minecraft:stone_pickaxe":1,"minecraft:stone_sword":1,"minecraft:furnace":1}},"DataVersion":3953}