{"stats":{"minecraft:dropped":{"minecraft:bread":1,"minecraft:cooked_chicken":2,"minecraft:stone_sword":1,"minecraft:rail":9,"minecraft:leather_helmet":1,"minecraft:leather_chestplate":1,"minecraft:dirt":1,"minecraft:torch":2,"minecraft:spider_eye":1},"minecraft:killed":{"minecraft:cave_spider":7,"minecraft:pig":8,"minecraft:salmon":3,"minecraft:spider":3,"minecraft:cod":4,"minecraft:skeleton":4,"minecraft:pillager":1,"minecraft:zombie":4,"minecraft:chicken":8,"minecraft:cow":4},"minecraft:custom":{"minecraft:interact_with_furnace":20,"minecraft:mob_kills":46,"minecraft:interact_with_anvil":4,"minecraft:interact_with_crafting_table":17,"minecraft:time_since_death":149955,"minecraft:sleep_in_bed":4,"minecraft:climb_one_cm":2792,"minecraft:time_since_rest":17803,"minecraft:sprint_one_cm":802829,"minecraft:damage_taken":1158,"minecraft:walk_one_cm":559698,"minecraft:damage_blocked_by_shield":150,"minecraft:drop":9,"minecraft:damage_dealt":5054,"minecraft:swim_one_cm":18620,"minecraft:talked_to_villager":1,"minecraft:fly_one_cm":140934,"minecraft:open_chest":55,"minecraft:crouch_one_cm":840,"minecraft:play_time":149955,"minecraft:sneak_time":605,"minecraft:walk_under_water_one_cm":16666,"minecraft:jump":1711,"minecraft:walk_on_water_one_cm":17603,"minecraft:total_world_time":149955,"minecraft:fall_one_cm":26503},"minecraft:broken":{"minecraft:stone_pickaxe":1,"minecraft:stone_sword":2},"minecraft:used":{"minecraft:stone_sword":232,"minecraft:stone_pickaxe":128,"minecraft:oak_planks":2,"minecraft:shield":5,"minecraft:chest":2,"minecraft:wooden_pickaxe":26,"minecraft:iron_sword":63,"minecraft:cooked_chicken":6,"minecraft:torch":5,"minecraft:crafting_table":4,"minecraft:diamond_pickaxe":8,"minecraft:apple":6,"minecraft:bread":17,"minecraft:iron_pickaxe":18,"minecraft:melon_seeds":7,"minecraft:stone_axe":19,"minecraft:diamond_sword":9,"minecraft:cobblestone":4,"minecraft:furnace":2,"minecraft:cooked_porkchop":4,"minecraft:andesite":1,"minecraft:cooked_beef":2,"minecraft:potato":1},"minecraft:mined":{"minecraft:tuff":9,"minecraft:kelp_plant":1,"minecraft:glow_lichen":2,"minecraft:granite":3,"minecraft:short_grass":20,"minecraft:grass_block":2,"minecraft:oak_planks":3,"minecraft:kelp":2,"minecraft:wall_torch":1,"minecraft:spawner":4,"minecraft:iron_ore":27,"minecraft:oak_log":23,"minecraft:coal_ore":87,"minecraft:dirt":1,"minecraft:cobweb":58,"minecraft:stone":38,"minecraft:deepslate":3,"minecraft:oak_leaves":10},"minecraft:picked_up":{"minecraft:feather":8,"minecraft:chicken":8,"minecraft:andesite":1,"minecraft:chest_minecart":1,"minecraft:salmon":3,"minecraft:leather":3,"minecraft:tuff":12,"minecraft:oak_log":22,"minecraft:golden_boots":1,"minecraft:string":61,"minecraft:dirt":2,"minecraft:bone":3,"minecraft:apple":3,"minecraft:kelp":3,"minecraft:wheat_seeds":2,"minecraft:cobbled_deepslate":2,"minecraft:beef":6,"minecraft:oak_planks":6,"minecraft:egg":1,"minecraft:raw_iron":27,"minecraft:torch":4,"minecraft:porkchop":12,"minecraft:spider_eye":5,"minecraft:stone_sword":1,"minecraft:arrow":6,"minecraft:rotten_flesh":5,"minecraft:diamond":64,"minecraft:bread":1,"minecraft:coal":87,"minecraft:cod":4,"minecraft:rail":23,"minecraft:cobblestone":37},"minecraft:crafted":{"minecraft:cooked_beef":2,"minecraft:oak_planks":52,"minecraft:diamond_sword":1,"minecraft:cooked_porkchop":4,"minecraft:crafting_table":4,"minecraft:wooden_pickaxe":1,"minecraft:cooked_chicken":8,"minecraft:iron_helmet":1,"minecraft:iron_sword":1,"minecraft:furnace":2,"minecraft:stone_axe":1,"minecraft:bread":5,"minecraft:diamond_helmet":1,"minecraft:diamond_leggings":1,"minecraft:iron_boots":1,"minecraft:iron_chestplate":1,"minecraft:diamond_pickaxe":1,"minecraft:shield":1,"minecraft:stick":20,"minecraft:iron_ingot":24,"minecraft:iron_pickaxe":1,"minecraft:stone_pickaxe":1,"minecraft:stone_sword":2,"minecraft:diamond_boots":1,"minecraft:chest":2,"minecraft:iron_leggings":1,"minecraft:torch":12,"minecraft:diamond_chestplate":1}},"DataVersion":3953}