{"stats":{"minecraft:dropped":{"minecraft:stone_sword":1,"minecraft:rail":9,"minecraft:leather_helmet":1,"minecraft:leather_chestplate":1,"minecraft:dirt":1,"minecraft:torch":2,"minecraft:spider_eye":1},"minecraft:killed":{"minecraft:cave_spider":7,"minecraft:pig":3,"minecraft:salmon":3,"minecraft:spider":3,"minecraft:cod":4,"minecraft:skeleton":1,"minecraft:pillager":1,"minecraft:zombie":3,"minecraft:chicken":4,"minecraft:cow":2},"minecraft:custom":{"minecraft:interact_with_furnace":10,"minecraft:mob_kills":31,"minecraft:interact_with_anvil":2,"minecraft:interact_with_crafting_table":11,"minecraft:time_since_death":77955,"minecraft:sleep_in_bed":1,"minecraft:climb_one_cm":2792,"minecraft:time_since_rest":15741,"minecraft:sprint_one_cm":508465,"minecraft:damage_taken":786,"minecraft:walk_one_cm":358096,"minecraft:drop":7,"minecraft:damage_dealt":3409,"minecraft:swim_one_cm":17524,"minecraft:talked_to_villager":1,"minecraft:fly_one_cm":81090,"minecraft:open_chest":24,"minecraft:crouch_one_cm":599,"minecraft:play_time":77955,"minecraft:sneak_time":459,"minecraft:walk_under_water_one_cm":16050,"minecraft:jump":1061,"minecraft:walk_on_water_one_cm":12827,"minecraft:total_world_time":77955,"minecraft:fall_one_cm":12087},"minecraft:broken":{"minecraft:stone_sword":2},"minecraft:mined":{"minecraft:kelp_plant":1,"minecraft:short_grass":10,"minecraft:grass_block":2,"minecraft:oak_planks":3,"minecraft:kelp":2,"minecraft:spawner":4,"minecraft:iron_ore":21,"minecraft:oak_log":23,"minecraft:coal_ore":84,"minecraft:cobweb":41,"minecraft:stone":29,"minecraft:oak_leaves":10},"minecraft:used":{"minecraft:stone_sword":232,"minecraft:stone_pickaxe":121,"minecraft:oak_planks":2,"minecraft:chest":2,"minecraft:wooden_pickaxe":16,"minecraft:cooked_chicken":4,"minecraft:torch":1,"minecraft:crafting_table":4,"minecraft:diamond_pickaxe":8,"minecraft:apple":6,"minecraft:bread":4,"minecraft:stone_axe":19,"minecraft:furnace":2,"minecraft:cooked_porkchop":4,"minecraft:cooked_beef":2,"minecraft:potato":1},"minecraft:picked_up":{"minecraft:feather":4,"minecraft:chicken":4,"minecraft:salmon":3,"minecraft:leather":1,"minecraft:oak_log":22,"minecraft:golden_boots":1,"minecraft:string":44,"minecraft:dirt":2,"minecraft:apple":3,"minecraft:kelp":3,"minecraft:beef":3,"minecraft:oak_planks":6,"minecraft:egg":1,"minecraft:raw_iron":21,"minecraft:torch":2,"minecraft:porkchop":4,"minecraft:spider_eye":5,"minecraft:stone_sword":1,"minecraft:arrow":2,"minecraft:rotten_flesh":5,"minecraft:coal":84,"minecraft:cod":4,"minecraft:rail":11,"minecraft:cobblestone":29},"minecraft:crafted":{"minecraft:cooked_beef":2,"minecraft:oak_planks":52,"minecraft:cooked_porkchop":4,"minecraft:crafting_table":4,"minecraft:wooden_pickaxe":1,"minecraft:cooked_chicken":4,"minecraft:iron_helmet":1,"minecraft:iron_sword":1,"minecraft:furnace":2,"minecraft:stone_axe":1,"minecraft:iron_boots":1,"minecraft:iron_chestplate":1,"minecraft:diamond_pickaxe":1,"minecraft:shield":1,"minecraft:stick":20,"minecraft:stone_pickaxe":1,"minecraft:stone_sword":2,"minecraft:chest":2,"minecraft:iron_leggings":1}},"DataVersion":3953}