{"stats":{"minecraft:dropped":{"minecraft:dirt":1},"minecraft:killed":{"minecraft:pillager":1,"minecraft:zombie":1,"minecraft:pig":1,"minecraft:chicken":3,"minecraft:salmon":3,"minecraft:spider":1,"minecraft:cod":4,"minecraft:cow":1},"minecraft:custom":{"minecraft:time_since_rest":7161,"minecraft:interact_with_furnace":3,"minecraft:sprint_one_cm":309184,"minecraft:damage_taken":207,"minecraft:walk_one_cm":138202,"minecraft:mob_kills":15,"minecraft:drop":1,"minecraft:damage_dealt":1155,"minecraft:swim_one_cm":17524,"minecraft:interact_with_crafting_table":8,"minecraft:talked_to_villager":1,"minecraft:fly_one_cm":61329,"minecraft:open_chest":20,"minecraft:crouch_one_cm":413,"minecraft:play_time":41955,"minecraft:sneak_time":385,"minecraft:walk_under_water_one_cm":16050,"minecraft:jump":541,"minecraft:sleep_in_bed":1,"minecraft:walk_on_water_one_cm":12827,"minecraft:time_since_death":41955,"minecraft:total_world_time":41955,"minecraft:climb_one_cm":2792,"minecraft:fall_one_cm":6907},"minecraft:mined":{"minecraft:kelp_plant":1,"minecraft:short_grass":4,"minecraft:grass_block":1,"minecraft:coal_ore":40,"minecraft:oak_log":7,"minecraft:stone":15,"minecraft:kelp":2,"minecraft:oak_planks":2,"minecraft:oak_leaves":10},"minecraft:used":{"minecraft:apple":6,"minecraft:stone_sword":64,"minecraft:stone_pickaxe":39,"minecraft:oak_planks":2,"minecraft:chest":2,"minecraft:wooden_pickaxe":16,"minecraft:stone_axe":2,"minecraft:crafting_table":2,"minecraft:furnace":1,"minecraft:cooked_porkchop":1,"minecraft:cooked_beef":2,"minecraft:potato":1},"minecraft:picked_up":{"minecraft:feather":4,"minecraft:chicken":3,"minecraft:salmon":3,"minecraft:porkchop":2,"minecraft:oak_log":6,"minecraft:golden_boots":1,"minecraft:dirt":1,"minecraft:rotten_flesh":3,"minecraft:apple":3,"minecraft:kelp":3,"minecraft:beef":2,"minecraft:cod":4,"minecraft:oak_planks":2,"minecraft:coal":40,"minecraft:cobblestone":15,"minecraft:egg":1},"minecraft:crafted":{"minecraft:cooked_beef":2,"minecraft:oak_planks":36,"minecraft:diamond_pickaxe":1,"minecraft:iron_boots":1,"minecraft:iron_chestplate":1,"minecraft:cooked_porkchop":2,"minecraft:crafting_table":2,"minecraft:stick":12,"minecraft:iron_helmet":1,"minecraft:wooden_pickaxe":1,"minecraft:cooked_chicken":3,"minecraft:stone_pickaxe":1,"minecraft:stone_sword":1,"minecraft:chest":2,"minecraft:iron_leggings":1,"minecraft:furnace":1,"minecraft:stone_axe":1}},"DataVersion":3953}