{"stats":{"minecraft:broken":{"minecraft:stone_pickaxe":1,"minecraft:stone_sword":2},"minecraft:custom":{"minecraft:interact_with_furnace":23,"minecraft:mob_kills":63,"minecraft:interact_with_anvil":5,"minecraft:interact_with_crafting_table":25,"minecraft:leave_game":4,"minecraft:time_since_death":55866,"minecraft:sleep_in_bed":6,"minecraft:climb_one_cm":2792,"minecraft:time_since_rest":31416,"minecraft:sprint_one_cm":1354980,"minecraft:damage_taken":2093,"minecraft:walk_one_cm":1022406,"minecraft:damage_blocked_by_shield":510,"minecraft:drop":13,"minecraft:damage_dealt":7201,"minecraft:talked_to_villager":1,"minecraft:swim_one_cm":18620,"minecraft:fly_one_cm":313815,"minecraft:open_chest":114,"minecraft:crouch_one_cm":2713,"minecraft:play_time":273484,"minecraft:deaths":3,"minecraft:sneak_time":1089,"minecraft:walk_under_water_one_cm":18525,"minecraft:jump":3589,"minecraft:walk_on_water_one_cm":36253,"minecraft:fish_caught":11,"minecraft:total_world_time":273484,"minecraft:fall_one_cm":52611},"minecraft:mined":{"minecraft:tuff":10,"minecraft:kelp_plant":1,"minecraft:crafting_table":1,"minecraft:glow_lichen":2,"minecraft:granite":3,"minecraft:short_grass":60,"minecraft:grass_block":70,"minecraft:tall_grass":11,"minecraft:kelp":2,"minecraft:oak_planks":3,"minecraft:wall_torch":2,"minecraft:spawner":4,"minecraft:furnace":1,"minecraft:iron_ore":29,"minecraft:coal_ore":87,"minecraft:oak_log":96,"minecraft:dirt":10,"minecraft:cobweb":58,"minecraft:stone":67,"minecraft:oak_leaves":32,"minecraft:deepslate":5},"minecraft:killed_by":{"minecraft:skeleton":1,"minecraft:creeper":1,"minecraft:zombie":1},"minecraft:crafted":{"minecraft:cooked_beef":2,"minecraft:cooked_cod":7,"minecraft:oak_planks":80,"minecraft:wooden_shovel":1,"minecraft:stone_shovel":1,"minecraft:diamond_sword":1,"minecraft:cooked_porkchop":4,"minecraft:crafting_table":6,"minecraft:wooden_pickaxe":1,"minecraft:iron_helmet":1,"minecraft:cooked_chicken":8,"minecraft:iron_sword":1,"minecraft:furnace":3,"minecraft:bucket":1,"minecraft:stone_axe":1,"minecraft:bread":5,"minecraft:diamond_helmet":1,"minecraft:diamond_leggings":1,"minecraft:iron_boots":1,"minecraft:iron_chestplate":1,"minecraft:diamond_pickaxe":1,"minecraft:shield":1,"minecraft:stick":24,"minecraft:iron_ingot":24,"minecraft:iron_pickaxe":1,"minecraft:stone_pickaxe":2,"minecraft:stone_sword":2,"minecraft:chest":2,"minecraft:diamond_boots":1,"minecraft:iron_leggings":1,"minecraft:torch":24,"minecraft:diamond_chestplate":1},"minecraft:dropped":{"minecraft:bread":1,"minecraft:cooked_chicken":2,"minecraft:stone_sword":1,"minecraft:rail":9,"minecraft:leather_helmet":1,"minecraft:leather_chestplate":1,"minecraft:dirt":1,"minecraft:torch":2,"minecraft:cooked_cod":2,"minecraft:oak_sapling":1,"minecraft:spider_eye":1,"minecraft:wooden_pickaxe":1},"minecraft:killed":{"minecraft:cave_spider":7,"minecraft:pig":13,"minecraft:salmon":3,"minecraft:spider":4,"minecraft:cod":4,"minecraft:skeleton":4,"minecraft:pillager":1,"minecraft:zombie":8,"minecraft:chicken":11,"minecraft:cow":8},"minecraft:used":{"minecraft:water_bucket":2,"minecraft:stone_sword":232,"minecraft:stone_shovel":13,"minecraft:stone_pickaxe":155,"minecraft:oak_planks":2,"minecraft:shield":14,"minecraft:chest":2,"minecraft:wooden_pickaxe":26,"minecraft:iron_sword":73,"minecraft:wooden_shovel":54,"minecraft:cooked_chicken":6,"minecraft:salmon":1,"minecraft:torch":12,"minecraft:dirt":14,"minecraft:crafting_table":6,"minecraft:cod":2,"minecraft:tuff":13,"minecraft:diamond_pickaxe":9,"minecraft:apple":9,"minecraft:iron_axe":30,"minecraft:chicken":2,"minecraft:bread":21,"minecraft:iron_pickaxe":50,"minecraft:fishing_rod":37,"minecraft:melon_seeds":7,"minecraft:stone_axe":78,"minecraft:diamond_sword":68,"minecraft:cobblestone":22,"minecraft:porkchop":1,"minecraft:cooked_cod":6,"minecraft:furnace":3,"minecraft:cooked_porkchop":4,"minecraft:bucket":3,"minecraft:andesite":1,"minecraft:egg":1,"minecraft:cooked_beef":2,"minecraft:potato":3,"minecraft:cobbled_deepslate":4},"minecraft:picked_up":{"minecraft:fishing_rod":2,"minecraft:crafting_table":1,"minecraft:feather":14,"minecraft:chicken":11,"minecraft:salmon":6,"minecraft:chest_minecart":1,"minecraft:andesite":1,"minecraft:leather":5,"minecraft:diamond_sword":1,"minecraft:tuff":13,"minecraft:oak_log":117,"minecraft:golden_boots":1,"minecraft:dirt":78,"minecraft:string":64,"minecraft:leather_boots":1,"minecraft:pufferfish":2,"minecraft:bone":3,"minecraft:apple":3,"minecraft:kelp":3,"minecraft:diamond_leggings":1,"minecraft:wheat_seeds":8,"minecraft:cobbled_deepslate":4,"minecraft:beef":12,"minecraft:diamond_helmet":1,"minecraft:oak_planks":6,"minecraft:furnace":1,"minecraft:egg":2,"minecraft:stick":6,"minecraft:raw_iron":29,"minecraft:torch":5,"minecraft:porkchop":22,"minecraft:diamond_chestplate":1,"minecraft:spider_eye":6,"minecraft:stone_sword":1,"minecraft:arrow":6,"minecraft:rotten_flesh":15,"minecraft:cooked_cod":2,"minecraft:diamond":90,"minecraft:diamond_boots":1,"minecraft:bread":1,"minecraft:oak_sapling":3,"minecraft:coal":87,"minecraft:cod":11,"minecraft:rail":23,"minecraft:cobblestone":66}},"DataVersion":3953}