{"stats":{"minecraft:broken":{"minecraft:stone_pickaxe":1,"minecraft:stone_sword":2},"minecraft:custom":{"minecraft:interact_with_furnace":23,"minecraft:mob_kills":59,"minecraft:interact_with_anvil":4,"minecraft:interact_with_crafting_table":19,"minecraft:leave_game":3,"minecraft:time_since_death":27,"minecraft:sleep_in_bed":5,"minecraft:climb_one_cm":2792,"minecraft:time_since_rest":56,"minecraft:sprint_one_cm":1089627,"minecraft:damage_taken":1714,"minecraft:walk_one_cm":726371,"minecraft:damage_blocked_by_shield":510,"minecraft:drop":11,"minecraft:damage_dealt":6720,"minecraft:talked_to_villager":1,"minecraft:swim_one_cm":18620,"minecraft:fly_one_cm":223754,"minecraft:open_chest":79,"minecraft:crouch_one_cm":2537,"minecraft:play_time":207219,"minecraft:deaths":2,"minecraft:sneak_time":1020,"minecraft:walk_under_water_one_cm":18525,"minecraft:jump":2678,"minecraft:walk_on_water_one_cm":33610,"minecraft:total_world_time":207219,"minecraft:fall_one_cm":40781},"minecraft:mined":{"minecraft:tuff":10,"minecraft:kelp_plant":1,"minecraft:crafting_table":1,"minecraft:glow_lichen":2,"minecraft:granite":3,"minecraft:short_grass":33,"minecraft:grass_block":7,"minecraft:tall_grass":6,"minecraft:kelp":2,"minecraft:oak_planks":3,"minecraft:wall_torch":2,"minecraft:spawner":4,"minecraft:furnace":1,"minecraft:iron_ore":29,"minecraft:coal_ore":87,"minecraft:oak_log":67,"minecraft:dirt":10,"minecraft:cobweb":58,"minecraft:stone":64,"minecraft:oak_leaves":23,"minecraft:deepslate":5},"minecraft:killed_by":{"minecraft:creeper":1,"minecraft:zombie":1},"minecraft:crafted":{"minecraft:cooked_beef":2,"minecraft:cooked_cod":7,"minecraft:oak_planks":68,"minecraft:diamond_sword":1,"minecraft:cooked_porkchop":4,"minecraft:crafting_table":5,"minecraft:wooden_pickaxe":1,"minecraft:iron_helmet":1,"minecraft:cooked_chicken":8,"minecraft:iron_sword":1,"minecraft:furnace":3,"minecraft:bucket":1,"minecraft:stone_axe":1,"minecraft:bread":5,"minecraft:diamond_helmet":1,"minecraft:diamond_leggings":1,"minecraft:iron_boots":1,"minecraft:iron_chestplate":1,"minecraft:diamond_pickaxe":1,"minecraft:shield":1,"minecraft:stick":20,"minecraft:iron_ingot":24,"minecraft:iron_pickaxe":1,"minecraft:stone_pickaxe":1,"minecraft:stone_sword":2,"minecraft:chest":2,"minecraft:diamond_boots":1,"minecraft:iron_leggings":1,"minecraft:torch":24,"minecraft:diamond_chestplate":1},"minecraft:dropped":{"minecraft:bread":1,"minecraft:cooked_chicken":2,"minecraft:stone_sword":1,"minecraft:rail":9,"minecraft:leather_helmet":1,"minecraft:leather_chestplate":1,"minecraft:dirt":1,"minecraft:torch":2,"minecraft:oak_sapling":1,"minecraft:spider_eye":1,"minecraft:wooden_pickaxe":1},"minecraft:killed":{"minecraft:cave_spider":7,"minecraft:pig":13,"minecraft:salmon":3,"minecraft:spider":4,"minecraft:cod":4,"minecraft:skeleton":4,"minecraft:pillager":1,"minecraft:zombie":6,"minecraft:chicken":9,"minecraft:cow":8},"minecraft:used":{"minecraft:water_bucket":2,"minecraft:stone_sword":232,"minecraft:stone_pickaxe":128,"minecraft:oak_planks":2,"minecraft:shield":14,"minecraft:chest":2,"minecraft:wooden_pickaxe":26,"minecraft:iron_sword":73,"minecraft:cooked_chicken":6,"minecraft:torch":12,"minecraft:dirt":10,"minecraft:crafting_table":5,"minecraft:tuff":13,"minecraft:diamond_pickaxe":9,"minecraft:apple":9,"minecraft:chicken":1,"minecraft:bread":21,"minecraft:iron_pickaxe":50,"minecraft:melon_seeds":7,"minecraft:stone_axe":78,"minecraft:diamond_sword":45,"minecraft:cobblestone":22,"minecraft:porkchop":1,"minecraft:cooked_cod":2,"minecraft:furnace":3,"minecraft:cooked_porkchop":4,"minecraft:bucket":3,"minecraft:andesite":1,"minecraft:cooked_beef":2,"minecraft:potato":3,"minecraft:cobbled_deepslate":4},"minecraft:picked_up":{"minecraft:crafting_table":1,"minecraft:feather":10,"minecraft:chicken":9,"minecraft:salmon":3,"minecraft:chest_minecart":1,"minecraft:andesite":1,"minecraft:leather":5,"minecraft:tuff":13,"minecraft:oak_log":66,"minecraft:golden_boots":1,"minecraft:dirt":16,"minecraft:string":63,"minecraft:bone":3,"minecraft:apple":3,"minecraft:kelp":3,"minecraft:wheat_seeds":3,"minecraft:cobbled_deepslate":4,"minecraft:beef":12,"minecraft:oak_planks":6,"minecraft:furnace":1,"minecraft:egg":1,"minecraft:stick":4,"minecraft:raw_iron":29,"minecraft:torch":5,"minecraft:porkchop":22,"minecraft:spider_eye":6,"minecraft:stone_sword":1,"minecraft:arrow":6,"minecraft:rotten_flesh":7,"minecraft:diamond":64,"minecraft:bread":1,"minecraft:oak_sapling":3,"minecraft:coal":87,"minecraft:cod":4,"minecraft:rail":23,"minecraft:cobblestone":63}},"DataVersion":3953}