{"stats":{"minecraft:dropped":{"minecraft:stone_sword":1,"minecraft:leather_helmet":1,"minecraft:leather_chestplate":1,"minecraft:dirt":1},"minecraft:killed":{"minecraft:cave_spider":1,"minecraft:pig":3,"minecraft:salmon":3,"minecraft:spider":1,"minecraft:cod":4,"minecraft:pillager":1,"minecraft:zombie":1,"minecraft:chicken":4,"minecraft:cow":2},"minecraft:custom":{"minecraft:interact_with_furnace":8,"minecraft:mob_kills":20,"minecraft:interact_with_anvil":2,"minecraft:interact_with_crafting_table":8,"minecraft:time_since_death":53955,"minecraft:sleep_in_bed":1,"minecraft:climb_one_cm":2792,"minecraft:time_since_rest":5980,"minecraft:sprint_one_cm":338964,"minecraft:damage_taken":347,"minecraft:walk_one_cm":217371,"minecraft:drop":4,"minecraft:damage_dealt":1715,"minecraft:swim_one_cm":17524,"minecraft:talked_to_villager":1,"minecraft:fly_one_cm":64157,"minecraft:open_chest":24,"minecraft:crouch_one_cm":599,"minecraft:play_time":53955,"minecraft:sneak_time":427,"minecraft:walk_under_water_one_cm":16050,"minecraft:jump":682,"minecraft:walk_on_water_one_cm":12827,"minecraft:total_world_time":53955,"minecraft:fall_one_cm":8849},"minecraft:mined":{"minecraft:kelp_plant":1,"minecraft:short_grass":10,"minecraft:grass_block":2,"minecraft:oak_planks":2,"minecraft:kelp":2,"minecraft:spawner":1,"minecraft:iron_ore":16,"minecraft:oak_log":17,"minecraft:coal_ore":84,"minecraft:cobweb":15,"minecraft:stone":26,"minecraft:oak_leaves":10},"minecraft:used":{"minecraft:stone_sword":115,"minecraft:stone_pickaxe":110,"minecraft:oak_planks":2,"minecraft:chest":2,"minecraft:wooden_pickaxe":16,"minecraft:cooked_chicken":1,"minecraft:torch":1,"minecraft:crafting_table":2,"minecraft:diamond_pickaxe":1,"minecraft:apple":6,"minecraft:stone_axe":12,"minecraft:furnace":1,"minecraft:cooked_porkchop":2,"minecraft:cooked_beef":2,"minecraft:potato":1},"minecraft:picked_up":{"minecraft:feather":4,"minecraft:chicken":4,"minecraft:salmon":3,"minecraft:leather":1,"minecraft:oak_log":16,"minecraft:golden_boots":1,"minecraft:string":15,"minecraft:dirt":2,"minecraft:apple":3,"minecraft:kelp":3,"minecraft:beef":3,"minecraft:oak_planks":2,"minecraft:egg":1,"minecraft:raw_iron":16,"minecraft:porkchop":4,"minecraft:stone_sword":1,"minecraft:rotten_flesh":3,"minecraft:coal":84,"minecraft:cod":4,"minecraft:rail":2,"minecraft:cobblestone":26},"minecraft:crafted":{"minecraft:cooked_beef":2,"minecraft:oak_planks":36,"minecraft:cooked_porkchop":4,"minecraft:crafting_table":2,"minecraft:wooden_pickaxe":1,"minecraft:cooked_chicken":4,"minecraft:iron_helmet":1,"minecraft:furnace":1,"minecraft:stone_axe":1,"minecraft:iron_boots":1,"minecraft:iron_chestplate":1,"minecraft:diamond_pickaxe":1,"minecraft:stick":12,"minecraft:stone_pickaxe":1,"minecraft:stone_sword":1,"minecraft:chest":2,"minecraft:iron_leggings":1}},"DataVersion":3953}