{"stats":{"minecraft:dropped":{"minecraft:stone_sword":1,"minecraft:rail":9,"minecraft:leather_helmet":1,"minecraft:leather_chestplate":1,"minecraft:dirt":1,"minecraft:torch":2,"minecraft:spider_eye":1},"minecraft:killed":{"minecraft:cave_spider":7,"minecraft:pig":3,"minecraft:salmon":3,"minecraft:spider":3,"minecraft:cod":4,"minecraft:skeleton":2,"minecraft:pillager":1,"minecraft:zombie":3,"minecraft:chicken":4,"minecraft:cow":2},"minecraft:custom":{"minecraft:interact_with_furnace":10,"minecraft:mob_kills":32,"minecraft:interact_with_anvil":2,"minecraft:interact_with_crafting_table":11,"minecraft:time_since_death":89955,"minecraft:sleep_in_bed":1,"minecraft:climb_one_cm":2792,"minecraft:time_since_rest":27741,"minecraft:sprint_one_cm":577988,"minecraft:damage_taken":816,"minecraft:walk_one_cm":406614,"minecraft:damage_blocked_by_shield":90,"minecraft:drop":7,"minecraft:damage_dealt":3609,"minecraft:swim_one_cm":17524,"minecraft:talked_to_villager":1,"minecraft:fly_one_cm":84244,"minecraft:open_chest":24,"minecraft:crouch_one_cm":599,"minecraft:play_time":89955,"minecraft:sneak_time":459,"minecraft:walk_under_water_one_cm":16050,"minecraft:jump":1147,"minecraft:walk_on_water_one_cm":12827,"minecraft:total_world_time":89955,"minecraft:fall_one_cm":13194},"minecraft:broken":{"minecraft:stone_pickaxe":1,"minecraft:stone_sword":2},"minecraft:mined":{"minecraft:kelp_plant":1,"minecraft:glow_lichen":2,"minecraft:granite":3,"minecraft:short_grass":10,"minecraft:grass_block":2,"minecraft:oak_planks":3,"minecraft:kelp":2,"minecraft:spawner":4,"minecraft:iron_ore":27,"minecraft:oak_log":23,"minecraft:coal_ore":84,"minecraft:cobweb":58,"minecraft:stone":35,"minecraft:oak_leaves":10},"minecraft:used":{"minecraft:stone_sword":232,"minecraft:stone_pickaxe":128,"minecraft:oak_planks":2,"minecraft:shield":3,"minecraft:chest":2,"minecraft:wooden_pickaxe":26,"minecraft:iron_sword":21,"minecraft:cooked_chicken":4,"minecraft:torch":1,"minecraft:crafting_table":4,"minecraft:diamond_pickaxe":8,"minecraft:apple":6,"minecraft:bread":6,"minecraft:stone_axe":19,"minecraft:furnace":2,"minecraft:cooked_porkchop":4,"minecraft:cooked_beef":2,"minecraft:potato":1},"minecraft:picked_up":{"minecraft:feather":4,"minecraft:chicken":4,"minecraft:chest_minecart":1,"minecraft:salmon":3,"minecraft:leather":1,"minecraft:oak_log":22,"minecraft:golden_boots":1,"minecraft:string":61,"minecraft:dirt":2,"minecraft:bone":1,"minecraft:apple":3,"minecraft:kelp":3,"minecraft:beef":3,"minecraft:oak_planks":6,"minecraft:egg":1,"minecraft:raw_iron":27,"minecraft:torch":3,"minecraft:porkchop":4,"minecraft:spider_eye":5,"minecraft:stone_sword":1,"minecraft:arrow":4,"minecraft:rotten_flesh":5,"minecraft:coal":84,"minecraft:cod":4,"minecraft:rail":23,"minecraft:cobblestone":33},"minecraft:crafted":{"minecraft:cooked_beef":2,"minecraft:oak_planks":52,"minecraft:cooked_porkchop":4,"minecraft:crafting_table":4,"minecraft:wooden_pickaxe":1,"minecraft:cooked_chicken":4,"minecraft:iron_helmet":1,"minecraft:iron_sword":1,"minecraft:furnace":2,"minecraft:stone_axe":1,"minecraft:iron_boots":1,"minecraft:iron_chestplate":1,"minecraft:diamond_pickaxe":1,"minecraft:shield":1,"minecraft:stick":20,"minecraft:stone_pickaxe":1,"minecraft:stone_sword":2,"minecraft:chest":2,"minecraft:iron_leggings":1}},"DataVersion":3953}