{"stats":{"minecraft:killed":{"minecraft:zombie":1,"minecraft:pig":1,"minecraft:chicken":3,"minecraft:salmon":1,"minecraft:spider":1,"minecraft:cod":1,"minecraft:cow":1},"minecraft:custom":{"minecraft:time_since_rest":5630,"minecraft:sprint_one_cm":82023,"minecraft:damage_taken":125,"minecraft:walk_one_cm":42008,"minecraft:mob_kills":9,"minecraft:damage_dealt":750,"minecraft:swim_one_cm":5412,"minecraft:interact_with_crafting_table":2,"minecraft:talked_to_villager":1,"minecraft:fly_one_cm":12024,"minecraft:open_chest":4,"minecraft:crouch_one_cm":107,"minecraft:play_time":11955,"minecraft:sneak_time":91,"minecraft:walk_under_water_one_cm":2778,"minecraft:jump":136,"minecraft:walk_on_water_one_cm":648,"minecraft:time_since_death":11955,"minecraft:total_world_time":11955,"minecraft:climb_one_cm":2792,"minecraft:fall_one_cm":2249},"minecraft:mined":{"minecraft:short_grass":1,"minecraft:coal_ore":40,"minecraft:oak_log":5,"minecraft:stone":9,"minecraft:oak_planks":2},"minecraft:used":{"minecraft:apple":4,"minecraft:stone_sword":34,"minecraft:stone_pickaxe":33,"minecraft:oak_planks":2,"minecraft:wooden_pickaxe":16,"minecraft:crafting_table":1},"minecraft:crafted":{"minecraft:oak_planks":20,"minecraft:crafting_table":1,"minecraft:stick":8,"minecraft:wooden_pickaxe":1,"minecraft:stone_pickaxe":1,"minecraft:stone_sword":1},"minecraft:picked_up":{"minecraft:feather":4,"minecraft:chicken":3,"minecraft:salmon":1,"minecraft:porkchop":2,"minecraft:oak_log":5,"minecraft:rotten_flesh":1,"minecraft:apple":3,"minecraft:beef":2,"minecraft:cod":1,"minecraft:oak_planks":2,"minecraft:coal":40,"minecraft:cobblestone":9,"minecraft:egg":1}},"DataVersion":3953}