{"stats":{"minecraft:broken":{"minecraft:stone_pickaxe":1,"minecraft:stone_sword":2},"minecraft:custom":{"minecraft:interact_with_furnace":20,"minecraft:mob_kills":53,"minecraft:interact_with_anvil":4,"minecraft:interact_with_crafting_table":17,"minecraft:leave_game":3,"minecraft:time_since_death":183219,"minecraft:sleep_in_bed":4,"minecraft:climb_one_cm":2792,"minecraft:time_since_rest":51067,"minecraft:sprint_one_cm":962181,"minecraft:damage_taken":1300,"minecraft:walk_one_cm":636355,"minecraft:damage_blocked_by_shield":510,"minecraft:drop":9,"minecraft:damage_dealt":6114,"minecraft:talked_to_villager":1,"minecraft:swim_one_cm":18620,"minecraft:fly_one_cm":183490,"minecraft:open_chest":58,"minecraft:crouch_one_cm":1244,"minecraft:play_time":183219,"minecraft:sneak_time":794,"minecraft:walk_under_water_one_cm":16666,"minecraft:jump":2209,"minecraft:walk_on_water_one_cm":27278,"minecraft:total_world_time":183219,"minecraft:fall_one_cm":33827},"minecraft:mined":{"minecraft:tuff":10,"minecraft:kelp_plant":1,"minecraft:glow_lichen":2,"minecraft:granite":3,"minecraft:short_grass":24,"minecraft:grass_block":2,"minecraft:tall_grass":3,"minecraft:kelp":2,"minecraft:oak_planks":3,"minecraft:wall_torch":2,"minecraft:spawner":4,"minecraft:iron_ore":29,"minecraft:coal_ore":87,"minecraft:oak_log":23,"minecraft:dirt":1,"minecraft:cobweb":58,"minecraft:stone":56,"minecraft:oak_leaves":11,"minecraft:deepslate":5},"minecraft:crafted":{"minecraft:cooked_beef":2,"minecraft:oak_planks":52,"minecraft:diamond_sword":1,"minecraft:cooked_porkchop":4,"minecraft:crafting_table":4,"minecraft:wooden_pickaxe":1,"minecraft:iron_helmet":1,"minecraft:cooked_chicken":8,"minecraft:iron_sword":1,"minecraft:furnace":2,"minecraft:stone_axe":1,"minecraft:bread":5,"minecraft:diamond_helmet":1,"minecraft:diamond_leggings":1,"minecraft:iron_boots":1,"minecraft:iron_chestplate":1,"minecraft:diamond_pickaxe":1,"minecraft:shield":1,"minecraft:stick":20,"minecraft:iron_ingot":24,"minecraft:iron_pickaxe":1,"minecraft:stone_pickaxe":1,"minecraft:stone_sword":2,"minecraft:chest":2,"minecraft:diamond_boots":1,"minecraft:iron_leggings":1,"minecraft:torch":24,"minecraft:diamond_chestplate":1},"minecraft:dropped":{"minecraft:bread":1,"minecraft:cooked_chicken":2,"minecraft:stone_sword":1,"minecraft:rail":9,"minecraft:leather_helmet":1,"minecraft:leather_chestplate":1,"minecraft:dirt":1,"minecraft:torch":2,"minecraft:spider_eye":1},"minecraft:killed":{"minecraft:cave_spider":7,"minecraft:pig":12,"minecraft:salmon":3,"minecraft:spider":4,"minecraft:cod":4,"minecraft:skeleton":4,"minecraft:pillager":1,"minecraft:zombie":6,"minecraft:chicken":8,"minecraft:cow":4},"minecraft:used":{"minecraft:stone_sword":232,"minecraft:stone_pickaxe":128,"minecraft:oak_planks":2,"minecraft:shield":14,"minecraft:chest":2,"minecraft:wooden_pickaxe":26,"minecraft:iron_sword":63,"minecraft:cooked_chicken":6,"minecraft:torch":12,"minecraft:crafting_table":4,"minecraft:tuff":13,"minecraft:diamond_pickaxe":9,"minecraft:apple":6,"minecraft:bread":21,"minecraft:iron_pickaxe":41,"minecraft:melon_seeds":7,"minecraft:stone_axe":19,"minecraft:diamond_sword":41,"minecraft:cobblestone":21,"minecraft:furnace":2,"minecraft:cooked_porkchop":4,"minecraft:andesite":1,"minecraft:cooked_beef":2,"minecraft:potato":3,"minecraft:cobbled_deepslate":4},"minecraft:picked_up":{"minecraft:feather":8,"minecraft:chicken":8,"minecraft:salmon":3,"minecraft:chest_minecart":1,"minecraft:andesite":1,"minecraft:leather":3,"minecraft:tuff":13,"minecraft:oak_log":22,"minecraft:golden_boots":1,"minecraft:dirt":2,"minecraft:string":63,"minecraft:bone":3,"minecraft:apple":3,"minecraft:kelp":3,"minecraft:wheat_seeds":2,"minecraft:cobbled_deepslate":4,"minecraft:beef":6,"minecraft:oak_planks":6,"minecraft:egg":1,"minecraft:raw_iron":29,"minecraft:torch":5,"minecraft:porkchop":21,"minecraft:spider_eye":6,"minecraft:stone_sword":1,"minecraft:arrow":6,"minecraft:rotten_flesh":7,"minecraft:diamond":64,"minecraft:bread":1,"minecraft:coal":87,"minecraft:cod":4,"minecraft:rail":23,"minecraft:cobblestone":55}},"DataVersion":3953}