{"stats":{"minecraft:broken":{"minecraft:stone_pickaxe":1,"minecraft:stone_sword":2},"minecraft:custom":{"minecraft:interact_with_furnace":20,"minecraft:mob_kills":57,"minecraft:interact_with_anvil":4,"minecraft:interact_with_crafting_table":18,"minecraft:leave_game":3,"minecraft:time_since_death":195219,"minecraft:sleep_in_bed":5,"minecraft:climb_one_cm":2792,"minecraft:time_since_rest":5980,"minecraft:sprint_one_cm":1011547,"minecraft:damage_taken":1320,"minecraft:walk_one_cm":678106,"minecraft:damage_blocked_by_shield":510,"minecraft:drop":10,"minecraft:damage_dealt":6514,"minecraft:talked_to_villager":1,"minecraft:swim_one_cm":18620,"minecraft:fly_one_cm":201130,"minecraft:open_chest":79,"minecraft:crouch_one_cm":1244,"minecraft:play_time":195219,"minecraft:sneak_time":803,"minecraft:walk_under_water_one_cm":18525,"minecraft:jump":2435,"minecraft:walk_on_water_one_cm":32974,"minecraft:total_world_time":195219,"minecraft:fall_one_cm":36852},"minecraft:mined":{"minecraft:tuff":10,"minecraft:kelp_plant":1,"minecraft:glow_lichen":2,"minecraft:granite":3,"minecraft:short_grass":26,"minecraft:grass_block":2,"minecraft:tall_grass":5,"minecraft:kelp":2,"minecraft:oak_planks":3,"minecraft:wall_torch":2,"minecraft:spawner":4,"minecraft:iron_ore":29,"minecraft:coal_ore":87,"minecraft:oak_log":67,"minecraft:dirt":1,"minecraft:cobweb":58,"minecraft:stone":56,"minecraft:oak_leaves":15,"minecraft:deepslate":5},"minecraft:crafted":{"minecraft:cooked_beef":2,"minecraft:oak_planks":52,"minecraft:diamond_sword":1,"minecraft:cooked_porkchop":4,"minecraft:crafting_table":4,"minecraft:wooden_pickaxe":1,"minecraft:iron_helmet":1,"minecraft:cooked_chicken":8,"minecraft:iron_sword":1,"minecraft:furnace":2,"minecraft:bucket":1,"minecraft:stone_axe":1,"minecraft:bread":5,"minecraft:diamond_helmet":1,"minecraft:diamond_leggings":1,"minecraft:iron_boots":1,"minecraft:iron_chestplate":1,"minecraft:diamond_pickaxe":1,"minecraft:shield":1,"minecraft:stick":20,"minecraft:iron_ingot":24,"minecraft:iron_pickaxe":1,"minecraft:stone_pickaxe":1,"minecraft:stone_sword":2,"minecraft:chest":2,"minecraft:diamond_boots":1,"minecraft:iron_leggings":1,"minecraft:torch":24,"minecraft:diamond_chestplate":1},"minecraft:dropped":{"minecraft:bread":1,"minecraft:cooked_chicken":2,"minecraft:stone_sword":1,"minecraft:rail":9,"minecraft:leather_helmet":1,"minecraft:leather_chestplate":1,"minecraft:dirt":1,"minecraft:torch":2,"minecraft:spider_eye":1,"minecraft:wooden_pickaxe":1},"minecraft:killed":{"minecraft:cave_spider":7,"minecraft:pig":12,"minecraft:salmon":3,"minecraft:spider":4,"minecraft:cod":4,"minecraft:skeleton":4,"minecraft:pillager":1,"minecraft:zombie":6,"minecraft:chicken":8,"minecraft:cow":8},"minecraft:used":{"minecraft:water_bucket":2,"minecraft:stone_sword":232,"minecraft:stone_pickaxe":128,"minecraft:oak_planks":2,"minecraft:shield":14,"minecraft:chest":2,"minecraft:wooden_pickaxe":26,"minecraft:iron_sword":73,"minecraft:cooked_chicken":6,"minecraft:torch":12,"minecraft:crafting_table":4,"minecraft:tuff":13,"minecraft:diamond_pickaxe":9,"minecraft:apple":9,"minecraft:bread":21,"minecraft:iron_pickaxe":41,"minecraft:melon_seeds":7,"minecraft:stone_axe":69,"minecraft:diamond_sword":45,"minecraft:cobblestone":22,"minecraft:furnace":2,"minecraft:cooked_porkchop":4,"minecraft:bucket":3,"minecraft:andesite":1,"minecraft:cooked_beef":2,"minecraft:potato":3,"minecraft:cobbled_deepslate":4},"minecraft:picked_up":{"minecraft:feather":8,"minecraft:chicken":8,"minecraft:salmon":3,"minecraft:chest_minecart":1,"minecraft:andesite":1,"minecraft:leather":5,"minecraft:tuff":13,"minecraft:oak_log":66,"minecraft:golden_boots":1,"minecraft:dirt":2,"minecraft:string":63,"minecraft:bone":3,"minecraft:apple":3,"minecraft:kelp":3,"minecraft:wheat_seeds":3,"minecraft:cobbled_deepslate":4,"minecraft:beef":12,"minecraft:oak_planks":6,"minecraft:egg":1,"minecraft:stick":4,"minecraft:raw_iron":29,"minecraft:torch":5,"minecraft:porkchop":21,"minecraft:spider_eye":6,"minecraft:stone_sword":1,"minecraft:arrow":6,"minecraft:rotten_flesh":7,"minecraft:diamond":64,"minecraft:bread":1,"minecraft:oak_sapling":2,"minecraft:coal":87,"minecraft:cod":4,"minecraft:rail":23,"minecraft:cobblestone":55}},"DataVersion":3953}