{"stats":{"minecraft:dropped":{"minecraft:gravel":5,"minecraft:lapis_lazuli":5,"minecraft:cobbled_deepslate":1,"minecraft:wheat":1,"minecraft:feather":4,"minecraft:rail":7,"minecraft:diorite":37,"minecraft:oak_sapling":1,"minecraft:spider_eye":6,"minecraft:wooden_pickaxe":2,"minecraft:iron_pickaxe":1},"minecraft:killed":{"minecraft:cave_spider":7,"minecraft:pig":6,"minecraft:zombie_villager":1,"minecraft:spider":6,"minecraft:sheep":10,"minecraft:skeleton":9,"minecraft:pillager":1,"minecraft:zombie":8,"minecraft:chicken":4,"minecraft:cow":10},"minecraft:custom":{"minecraft:interact_with_furnace":38,"minecraft:mob_kills":64,"minecraft:interact_with_crafting_table":18,"minecraft:leave_game":4,"minecraft:time_since_death":64453,"minecraft:sleep_in_bed":2,"minecraft:time_since_rest":10529,"minecraft:sprint_one_cm":196946,"minecraft:damage_taken":456,"minecraft:walk_one_cm":195216,"minecraft:damage_blocked_by_shield":1525,"minecraft:drop":17,"minecraft:damage_dealt":9813,"minecraft:swim_one_cm":29166,"minecraft:fly_one_cm":236111,"minecraft:open_chest":6,"minecraft:crouch_one_cm":28010,"minecraft:play_time":64453,"minecraft:sneak_time":8207,"minecraft:walk_under_water_one_cm":5614,"minecraft:jump":1554,"minecraft:walk_on_water_one_cm":8022,"minecraft:total_world_time":64453,"minecraft:fall_one_cm":36766},"minecraft:used":{"minecraft:stone_pickaxe":10,"minecraft:shield":53,"minecraft:wooden_pickaxe":24,"minecraft:iron_sword":181,"minecraft:rotten_flesh":3,"minecraft:torch":1,"minecraft:crafting_table":5,"minecraft:white_bed":4,"minecraft:shears":65,"minecraft:bread":6,"minecraft:iron_pickaxe":348,"minecraft:stone_axe":21,"minecraft:cobblestone":59,"minecraft:furnace":3,"minecraft:cooked_porkchop":2,"minecraft:chest_minecart":1,"minecraft:cooked_beef":3,"minecraft:cobbled_deepslate":1,"minecraft:cobweb":16},"minecraft:mined":{"minecraft:deepslate_redstone_ore":2,"minecraft:white_bed":4,"minecraft:deepslate_diamond_ore":6,"minecraft:crafting_table":5,"minecraft:cobblestone":6,"minecraft:lapis_ore":2,"minecraft:deepslate_gold_ore":7,"minecraft:oak_planks":4,"minecraft:diorite":37,"minecraft:spawner":4,"minecraft:redstone_ore":1,"minecraft:furnace":3,"minecraft:iron_ore":102,"minecraft:andesite":11,"minecraft:deepslate_lapis_ore":9,"minecraft:coal_ore":43,"minecraft:oak_log":18,"minecraft:dirt":7,"minecraft:cobweb":83,"minecraft:stone":129,"minecraft:oak_leaves":4,"minecraft:deepslate":13},"minecraft:picked_up":{"minecraft:crafting_table":5,"minecraft:feather":4,"minecraft:chicken":3,"minecraft:andesite":8,"minecraft:chest_minecart":1,"minecraft:leather":12,"minecraft:wooden_pickaxe":1,"minecraft:oak_log":18,"minecraft:gunpowder":2,"minecraft:string":26,"minecraft:lapis_lazuli":69,"minecraft:dirt":6,"minecraft:bone":5,"minecraft:cobbled_deepslate":2,"minecraft:raw_gold":7,"minecraft:beef":29,"minecraft:cobweb":64,"minecraft:powered_rail":1,"minecraft:oak_planks":6,"minecraft:furnace":3,"minecraft:raw_iron":137,"minecraft:torch":15,"minecraft:gravel":5,"minecraft:porkchop":11,"minecraft:diorite":37,"minecraft:white_bed":4,"minecraft:redstone":9,"minecraft:spider_eye":6,"minecraft:arrow":4,"minecraft:rotten_flesh":9,"minecraft:diamond":6,"minecraft:granite":7,"minecraft:mutton":12,"minecraft:oak_sapling":2,"minecraft:white_wool":10,"minecraft:melon_seeds":4,"minecraft:coal":92,"minecraft:rail":7,"minecraft:cobblestone":141},"minecraft:crafted":{"minecraft:cooked_beef":6,"minecraft:oak_planks":28,"minecraft:cooked_porkchop":11,"minecraft:crafting_table":1,"minecraft:wooden_pickaxe":1,"minecraft:iron_helmet":1,"minecraft:iron_sword":1,"minecraft:furnace":1,"minecraft:stone_axe":1,"minecraft:cooked_mutton":11,"minecraft:bread":2,"minecraft:air":0,"minecraft:white_wool":6,"minecraft:iron_boots":1,"minecraft:iron_chestplate":1,"minecraft:shield":1,"minecraft:stick":12,"minecraft:iron_ingot":35,"minecraft:iron_pickaxe":2,"minecraft:stone_pickaxe":1,"minecraft:iron_leggings":1,"minecraft:white_bed":1,"minecraft:shears":1}},"DataVersion":3953}