{"stats":{"minecraft:dropped":{"minecraft:gravel":5,"minecraft:lapis_lazuli":5,"minecraft:rail":7,"minecraft:oak_sapling":1,"minecraft:wooden_pickaxe":2,"minecraft:iron_pickaxe":1},"minecraft:killed":{"minecraft:cave_spider":7,"minecraft:zombie_villager":1,"minecraft:spider":6,"minecraft:skeleton":9,"minecraft:zombie":8,"minecraft:cow":1},"minecraft:custom":{"minecraft:interact_with_furnace":24,"minecraft:mob_kills":33,"minecraft:interact_with_crafting_table":18,"minecraft:leave_game":3,"minecraft:time_since_death":48328,"minecraft:sleep_in_bed":1,"minecraft:time_since_rest":11723,"minecraft:sprint_one_cm":146499,"minecraft:damage_taken":445,"minecraft:walk_one_cm":154769,"minecraft:damage_blocked_by_shield":1445,"minecraft:drop":11,"minecraft:damage_dealt":6864,"minecraft:swim_one_cm":29166,"minecraft:fly_one_cm":146432,"minecraft:open_chest":5,"minecraft:crouch_one_cm":27292,"minecraft:play_time":48328,"minecraft:sneak_time":7995,"minecraft:walk_under_water_one_cm":5614,"minecraft:jump":1055,"minecraft:walk_on_water_one_cm":8022,"minecraft:total_world_time":48328,"minecraft:fall_one_cm":23793},"minecraft:used":{"minecraft:stone_pickaxe":10,"minecraft:wooden_pickaxe":24,"minecraft:shield":50,"minecraft:iron_sword":129,"minecraft:rotten_flesh":1,"minecraft:torch":1,"minecraft:crafting_table":5,"minecraft:white_bed":3,"minecraft:shears":65,"minecraft:bread":6,"minecraft:iron_pickaxe":347,"minecraft:stone_axe":11,"minecraft:cobblestone":59,"minecraft:furnace":2,"minecraft:chest_minecart":1,"minecraft:cooked_beef":3,"minecraft:cobbled_deepslate":1,"minecraft:cobweb":16},"minecraft:mined":{"minecraft:deepslate_redstone_ore":2,"minecraft:white_bed":3,"minecraft:deepslate_diamond_ore":6,"minecraft:crafting_table":5,"minecraft:cobblestone":6,"minecraft:deepslate_gold_ore":7,"minecraft:lapis_ore":2,"minecraft:oak_planks":4,"minecraft:diorite":37,"minecraft:spawner":4,"minecraft:redstone_ore":1,"minecraft:furnace":2,"minecraft:iron_ore":102,"minecraft:andesite":11,"minecraft:deepslate_lapis_ore":9,"minecraft:coal_ore":43,"minecraft:oak_log":8,"minecraft:dirt":7,"minecraft:cobweb":83,"minecraft:stone":129,"minecraft:oak_leaves":1,"minecraft:deepslate":13},"minecraft:picked_up":{"minecraft:crafting_table":5,"minecraft:chest_minecart":1,"minecraft:andesite":8,"minecraft:leather":1,"minecraft:wooden_pickaxe":1,"minecraft:oak_log":8,"minecraft:gunpowder":2,"minecraft:lapis_lazuli":69,"minecraft:string":26,"minecraft:dirt":6,"minecraft:bone":3,"minecraft:cobbled_deepslate":2,"minecraft:raw_gold":7,"minecraft:beef":3,"minecraft:cobweb":64,"minecraft:powered_rail":1,"minecraft:oak_planks":6,"minecraft:furnace":2,"minecraft:raw_iron":137,"minecraft:torch":15,"minecraft:gravel":5,"minecraft:diorite":37,"minecraft:white_bed":3,"minecraft:redstone":9,"minecraft:spider_eye":6,"minecraft:arrow":2,"minecraft:rotten_flesh":9,"minecraft:diamond":6,"minecraft:granite":7,"minecraft:oak_sapling":2,"minecraft:melon_seeds":4,"minecraft:coal":58,"minecraft:rail":7,"minecraft:cobblestone":141},"minecraft:crafted":{"minecraft:cooked_beef":3,"minecraft:oak_planks":28,"minecraft:crafting_table":1,"minecraft:iron_helmet":1,"minecraft:wooden_pickaxe":1,"minecraft:iron_sword":1,"minecraft:furnace":1,"minecraft:stone_axe":1,"minecraft:bread":2,"minecraft:air":0,"minecraft:iron_chestplate":1,"minecraft:white_wool":6,"minecraft:iron_boots":1,"minecraft:shield":1,"minecraft:stick":12,"minecraft:iron_ingot":35,"minecraft:iron_pickaxe":2,"minecraft:stone_pickaxe":1,"minecraft:iron_leggings":1,"minecraft:white_bed":1,"minecraft:shears":1}},"DataVersion":3953}