{"stats":{"minecraft:dropped":{"minecraft:gravel":5,"minecraft:lapis_lazuli":5,"minecraft:cobbled_deepslate":1,"minecraft:wheat":1,"minecraft:feather":4,"minecraft:rail":7,"minecraft:oak_sapling":1,"minecraft:wooden_pickaxe":2,"minecraft:iron_pickaxe":1},"minecraft:killed":{"minecraft:cave_spider":7,"minecraft:pig":6,"minecraft:zombie_villager":1,"minecraft:spider":6,"minecraft:sheep":9,"minecraft:skeleton":9,"minecraft:zombie":8,"minecraft:chicken":4,"minecraft:cow":3},"minecraft:custom":{"minecraft:interact_with_furnace":24,"minecraft:mob_kills":54,"minecraft:interact_with_crafting_table":18,"minecraft:leave_game":3,"minecraft:time_since_death":54306,"minecraft:sleep_in_bed":2,"minecraft:time_since_rest":382,"minecraft:sprint_one_cm":164585,"minecraft:damage_taken":456,"minecraft:walk_one_cm":168903,"minecraft:damage_blocked_by_shield":1445,"minecraft:drop":15,"minecraft:damage_dealt":8534,"minecraft:swim_one_cm":29166,"minecraft:fly_one_cm":187002,"minecraft:open_chest":6,"minecraft:crouch_one_cm":27469,"minecraft:play_time":54306,"minecraft:sneak_time":8133,"minecraft:walk_under_water_one_cm":5614,"minecraft:jump":1284,"minecraft:walk_on_water_one_cm":8022,"minecraft:total_world_time":54306,"minecraft:fall_one_cm":28205},"minecraft:used":{"minecraft:stone_pickaxe":10,"minecraft:shield":50,"minecraft:wooden_pickaxe":24,"minecraft:iron_sword":158,"minecraft:rotten_flesh":3,"minecraft:torch":1,"minecraft:crafting_table":5,"minecraft:white_bed":4,"minecraft:shears":65,"minecraft:bread":6,"minecraft:iron_pickaxe":347,"minecraft:stone_axe":11,"minecraft:cobblestone":59,"minecraft:furnace":2,"minecraft:chest_minecart":1,"minecraft:cooked_beef":3,"minecraft:cobbled_deepslate":1,"minecraft:cobweb":16},"minecraft:mined":{"minecraft:deepslate_redstone_ore":2,"minecraft:white_bed":4,"minecraft:deepslate_diamond_ore":6,"minecraft:crafting_table":5,"minecraft:cobblestone":6,"minecraft:lapis_ore":2,"minecraft:deepslate_gold_ore":7,"minecraft:oak_planks":4,"minecraft:diorite":37,"minecraft:spawner":4,"minecraft:redstone_ore":1,"minecraft:furnace":2,"minecraft:iron_ore":102,"minecraft:andesite":11,"minecraft:deepslate_lapis_ore":9,"minecraft:coal_ore":43,"minecraft:oak_log":8,"minecraft:dirt":7,"minecraft:cobweb":83,"minecraft:stone":129,"minecraft:oak_leaves":1,"minecraft:deepslate":13},"minecraft:picked_up":{"minecraft:crafting_table":5,"minecraft:feather":4,"minecraft:chicken":3,"minecraft:andesite":8,"minecraft:chest_minecart":1,"minecraft:leather":2,"minecraft:wooden_pickaxe":1,"minecraft:oak_log":8,"minecraft:gunpowder":2,"minecraft:string":26,"minecraft:lapis_lazuli":69,"minecraft:dirt":6,"minecraft:bone":3,"minecraft:cobbled_deepslate":2,"minecraft:raw_gold":7,"minecraft:beef":6,"minecraft:cobweb":64,"minecraft:powered_rail":1,"minecraft:oak_planks":6,"minecraft:furnace":2,"minecraft:raw_iron":137,"minecraft:torch":15,"minecraft:gravel":5,"minecraft:porkchop":11,"minecraft:diorite":37,"minecraft:white_bed":4,"minecraft:redstone":9,"minecraft:spider_eye":6,"minecraft:arrow":2,"minecraft:rotten_flesh":9,"minecraft:diamond":6,"minecraft:granite":7,"minecraft:mutton":11,"minecraft:oak_sapling":2,"minecraft:white_wool":9,"minecraft:melon_seeds":4,"minecraft:coal":58,"minecraft:rail":7,"minecraft:cobblestone":141},"minecraft:crafted":{"minecraft:cooked_beef":3,"minecraft:oak_planks":28,"minecraft:crafting_table":1,"minecraft:wooden_pickaxe":1,"minecraft:iron_helmet":1,"minecraft:iron_sword":1,"minecraft:furnace":1,"minecraft:stone_axe":1,"minecraft:bread":2,"minecraft:air":0,"minecraft:white_wool":6,"minecraft:iron_boots":1,"minecraft:iron_chestplate":1,"minecraft:shield":1,"minecraft:stick":12,"minecraft:iron_ingot":35,"minecraft:iron_pickaxe":2,"minecraft:stone_pickaxe":1,"minecraft:iron_leggings":1,"minecraft:white_bed":1,"minecraft:shears":1}},"DataVersion":3953}