{"stats":{"minecraft:dropped":{"minecraft:oak_sapling":1},"minecraft:killed":{"minecraft:spider":1,"minecraft:cow":1},"minecraft:custom":{"minecraft:time_since_rest":8334,"minecraft:interact_with_furnace":14,"minecraft:sprint_one_cm":15733,"minecraft:damage_taken":18,"minecraft:walk_one_cm":21439,"minecraft:mob_kills":2,"minecraft:drop":1,"minecraft:damage_dealt":305,"minecraft:interact_with_crafting_table":9,"minecraft:fly_one_cm":12812,"minecraft:open_chest":4,"minecraft:crouch_one_cm":3698,"minecraft:play_time":8334,"minecraft:sneak_time":1073,"minecraft:jump":113,"minecraft:leave_game":1,"minecraft:time_since_death":8334,"minecraft:walk_on_water_one_cm":494,"minecraft:total_world_time":8334,"minecraft:fall_one_cm":1881},"minecraft:used":{"minecraft:stone_pickaxe":10,"minecraft:iron_pickaxe":4,"minecraft:wooden_pickaxe":24,"minecraft:stone_axe":8,"minecraft:crafting_table":2,"minecraft:furnace":1},"minecraft:mined":{"minecraft:furnace":1,"minecraft:iron_ore":12,"minecraft:crafting_table":2,"minecraft:oak_log":8,"minecraft:coal_ore":2,"minecraft:cobblestone":3,"minecraft:stone":13,"minecraft:oak_planks":4,"minecraft:oak_leaves":1,"minecraft:spawner":1},"minecraft:picked_up":{"minecraft:raw_iron":14,"minecraft:crafting_table":2,"minecraft:leather":1,"minecraft:oak_log":8,"minecraft:spider_eye":1,"minecraft:string":2,"minecraft:beef":3,"minecraft:oak_sapling":2,"minecraft:oak_planks":4,"minecraft:coal":2,"minecraft:furnace":1,"minecraft:cobblestone":16},"minecraft:crafted":{"minecraft:cooked_beef":3,"minecraft:oak_planks":20,"minecraft:shield":1,"minecraft:crafting_table":1,"minecraft:stick":12,"minecraft:iron_pickaxe":1,"minecraft:iron_ingot":8,"minecraft:wooden_pickaxe":1,"minecraft:stone_pickaxe":1,"minecraft:iron_sword":1,"minecraft:furnace":1,"minecraft:stone_axe":1,"minecraft:bread":2,"minecraft:air":0}},"DataVersion":3953}