{"stats":{"minecraft:dropped":{"minecraft:oak_sapling":1},"minecraft:killed":{"minecraft:skeleton":2,"minecraft:cave_spider":2,"minecraft:zombie":2,"minecraft:spider":1,"minecraft:cow":1},"minecraft:custom":{"minecraft:time_since_rest":20135,"minecraft:interact_with_furnace":14,"minecraft:sprint_one_cm":51589,"minecraft:damage_taken":128,"minecraft:walk_one_cm":59169,"minecraft:damage_blocked_by_shield":250,"minecraft:mob_kills":8,"minecraft:drop":1,"minecraft:damage_dealt":1345,"minecraft:swim_one_cm":815,"minecraft:interact_with_crafting_table":10,"minecraft:fly_one_cm":18827,"minecraft:open_chest":4,"minecraft:crouch_one_cm":15965,"minecraft:play_time":20135,"minecraft:sneak_time":4874,"minecraft:walk_under_water_one_cm":276,"minecraft:jump":216,"minecraft:leave_game":2,"minecraft:walk_on_water_one_cm":671,"minecraft:time_since_death":20135,"minecraft:total_world_time":20135,"minecraft:fall_one_cm":3201},"minecraft:used":{"minecraft:bread":3,"minecraft:stone_pickaxe":10,"minecraft:iron_pickaxe":212,"minecraft:shield":10,"minecraft:wooden_pickaxe":24,"minecraft:iron_sword":35,"minecraft:stone_axe":9,"minecraft:cobblestone":12,"minecraft:crafting_table":3,"minecraft:furnace":1,"minecraft:shears":45,"minecraft:cobweb":16},"minecraft:mined":{"minecraft:furnace":1,"minecraft:iron_ore":60,"minecraft:andesite":10,"minecraft:crafting_table":3,"minecraft:oak_log":8,"minecraft:coal_ore":6,"minecraft:dirt":7,"minecraft:cobweb":61,"minecraft:cobblestone":3,"minecraft:stone":121,"minecraft:diorite":37,"minecraft:oak_planks":4,"minecraft:oak_leaves":1,"minecraft:spawner":2},"minecraft:picked_up":{"minecraft:crafting_table":3,"minecraft:raw_iron":62,"minecraft:andesite":7,"minecraft:leather":1,"minecraft:oak_log":8,"minecraft:diorite":37,"minecraft:dirt":6,"minecraft:spider_eye":3,"minecraft:string":19,"minecraft:bone":1,"minecraft:rotten_flesh":2,"minecraft:beef":3,"minecraft:cobweb":45,"minecraft:oak_sapling":2,"minecraft:oak_planks":4,"minecraft:coal":6,"minecraft:cobblestone":120,"minecraft:furnace":1},"minecraft:crafted":{"minecraft:cooked_beef":3,"minecraft:oak_planks":28,"minecraft:white_wool":6,"minecraft:shield":1,"minecraft:crafting_table":1,"minecraft:stick":12,"minecraft:iron_ingot":8,"minecraft:iron_pickaxe":1,"minecraft:wooden_pickaxe":1,"minecraft:stone_pickaxe":1,"minecraft:iron_sword":1,"minecraft:furnace":1,"minecraft:white_bed":1,"minecraft:stone_axe":1,"minecraft:shears":1,"minecraft:bread":2,"minecraft:air":0}},"DataVersion":3953}