{"stats":{"minecraft:used":{"minecraft:cooked_mutton":1,"minecraft:stone_pickaxe":10,"minecraft:shield":62,"minecraft:wooden_pickaxe":24,"minecraft:iron_sword":207,"minecraft:rotten_flesh":3,"minecraft:torch":1,"minecraft:crafting_table":7,"minecraft:white_bed":4,"minecraft:shears":65,"minecraft:bread":6,"minecraft:iron_pickaxe":348,"minecraft:stone_axe":21,"minecraft:cobblestone":59,"minecraft:furnace":3,"minecraft:cooked_porkchop":2,"minecraft:oak_boat":2,"minecraft:chest_minecart":1,"minecraft:cooked_beef":5,"minecraft:cobbled_deepslate":1,"minecraft:cobweb":16},"minecraft:crafted":{"minecraft:cooked_beef":6,"minecraft:oak_planks":72,"minecraft:cooked_porkchop":11,"minecraft:crafting_table":2,"minecraft:iron_helmet":1,"minecraft:wooden_pickaxe":1,"minecraft:iron_sword":1,"minecraft:furnace":1,"minecraft:stone_axe":1,"minecraft:bread":2,"minecraft:cooked_mutton":11,"minecraft:air":0,"minecraft:oak_boat":2,"minecraft:iron_boots":1,"minecraft:white_wool":6,"minecraft:iron_chestplate":1,"minecraft:shield":1,"minecraft:stick":12,"minecraft:iron_ingot":35,"minecraft:iron_pickaxe":2,"minecraft:stone_pickaxe":1,"minecraft:iron_leggings":1,"minecraft:white_bed":1,"minecraft:shears":1},"minecraft:dropped":{"minecraft:gravel":5,"minecraft:stone_axe":1,"minecraft:lapis_lazuli":5,"minecraft:cobbled_deepslate":1,"minecraft:wheat":1,"minecraft:feather":4,"minecraft:rotten_flesh":35,"minecraft:rail":7,"minecraft:diorite":37,"minecraft:oak_sapling":1,"minecraft:spider_eye":6,"minecraft:wooden_pickaxe":2,"minecraft:iron_pickaxe":1},"minecraft:picked_up":{"minecraft:crafting_table":5,"minecraft:feather":4,"minecraft:ominous_bottle":1,"minecraft:chicken":3,"minecraft:andesite":8,"minecraft:chest_minecart":1,"minecraft:leather":12,"minecraft:wooden_pickaxe":1,"minecraft:oak_log":18,"minecraft:gunpowder":2,"minecraft:lapis_lazuli":69,"minecraft:string":27,"minecraft:dirt":6,"minecraft:bone":5,"minecraft:cobbled_deepslate":2,"minecraft:raw_gold":7,"minecraft:beef":29,"minecraft:cobweb":64,"minecraft:powered_rail":1,"minecraft:oak_planks":6,"minecraft:furnace":3,"minecraft:raw_iron":137,"minecraft:torch":15,"minecraft:gravel":5,"minecraft:porkchop":11,"minecraft:sand":1,"minecraft:diorite":37,"minecraft:white_bed":4,"minecraft:redstone":9,"minecraft:spider_eye":6,"minecraft:arrow":4,"minecraft:rotten_flesh":9,"minecraft:diamond":6,"minecraft:stone_axe":1,"minecraft:granite":7,"minecraft:oak_sapling":2,"minecraft:melon_seeds":4,"minecraft:mutton":28,"minecraft:coal":92,"minecraft:white_wool":18,"minecraft:rail":7,"minecraft:cobblestone":141},"minecraft:custom":{"minecraft:interact_with_furnace":38,"minecraft:mob_kills":77,"minecraft:interact_with_crafting_table":22,"minecraft:leave_game":7,"minecraft:time_since_death":97112,"minecraft:sleep_in_bed":2,"minecraft:climb_one_cm":705,"minecraft:time_since_rest":8246,"minecraft:sprint_one_cm":251020,"minecraft:damage_taken":543,"minecraft:walk_one_cm":224551,"minecraft:damage_blocked_by_shield":1780,"minecraft:drop":19,"minecraft:damage_dealt":11304,"minecraft:swim_one_cm":34448,"minecraft:fly_one_cm":334148,"minecraft:open_chest":8,"minecraft:crouch_one_cm":28188,"minecraft:play_time":97112,"minecraft:sneak_time":8258,"minecraft:walk_under_water_one_cm":6621,"minecraft:boat_one_cm":255758,"minecraft:jump":2080,"minecraft:walk_on_water_one_cm":11212,"minecraft:total_world_time":97112,"minecraft:fall_one_cm":50447,"minecraft:horse_one_cm":450019},"minecraft:killed":{"minecraft:wolf":1,"minecraft:cave_spider":7,"minecraft:pig":6,"minecraft:zombie_villager":1,"minecraft:spider":7,"minecraft:sheep":15,"minecraft:skeleton":9,"minecraft:pillager":5,"minecraft:zombie":8,"minecraft:chicken":4,"minecraft:cow":10},"minecraft:mined":{"minecraft:deepslate_redstone_ore":2,"minecraft:white_bed":4,"minecraft:deepslate_diamond_ore":6,"minecraft:crafting_table":5,"minecraft:short_grass":4,"minecraft:cobblestone":6,"minecraft:lapis_ore":2,"minecraft:deepslate_gold_ore":7,"minecraft:oak_planks":4,"minecraft:diorite":37,"minecraft:spawner":4,"minecraft:redstone_ore":1,"minecraft:furnace":3,"minecraft:iron_ore":102,"minecraft:andesite":11,"minecraft:deepslate_lapis_ore":9,"minecraft:oak_log":18,"minecraft:coal_ore":43,"minecraft:dirt":7,"minecraft:cobweb":83,"minecraft:stone":129,"minecraft:oak_leaves":4,"minecraft:deepslate":13}},"DataVersion":3953}