{"stats":{"minecraft:dropped":{"minecraft:rail":7,"minecraft:oak_sapling":1,"minecraft:wooden_pickaxe":2},"minecraft:killed":{"minecraft:cave_spider":7,"minecraft:spider":1,"minecraft:skeleton":2,"minecraft:zombie":3,"minecraft:cow":1},"minecraft:custom":{"minecraft:interact_with_furnace":24,"minecraft:mob_kills":14,"minecraft:interact_with_crafting_table":17,"minecraft:leave_game":2,"minecraft:time_since_death":32135,"minecraft:time_since_rest":32135,"minecraft:sprint_one_cm":78377,"minecraft:damage_taken":300,"minecraft:walk_one_cm":121953,"minecraft:damage_blocked_by_shield":736,"minecraft:drop":4,"minecraft:damage_dealt":2547,"minecraft:swim_one_cm":4217,"minecraft:fly_one_cm":35300,"minecraft:open_chest":4,"minecraft:crouch_one_cm":22339,"minecraft:play_time":32135,"minecraft:sneak_time":6596,"minecraft:walk_under_water_one_cm":1874,"minecraft:jump":384,"minecraft:walk_on_water_one_cm":2864,"minecraft:total_world_time":32135,"minecraft:fall_one_cm":5549},"minecraft:used":{"minecraft:stone_pickaxe":10,"minecraft:wooden_pickaxe":24,"minecraft:shield":29,"minecraft:iron_sword":60,"minecraft:torch":1,"minecraft:crafting_table":4,"minecraft:white_bed":2,"minecraft:shears":65,"minecraft:bread":5,"minecraft:iron_pickaxe":304,"minecraft:stone_axe":10,"minecraft:cobblestone":36,"minecraft:furnace":2,"minecraft:chest_minecart":1,"minecraft:cooked_beef":1,"minecraft:cobweb":16},"minecraft:mined":{"minecraft:white_bed":2,"minecraft:crafting_table":4,"minecraft:cobblestone":6,"minecraft:deepslate_gold_ore":1,"minecraft:lapis_ore":2,"minecraft:oak_planks":4,"minecraft:diorite":37,"minecraft:spawner":3,"minecraft:furnace":2,"minecraft:iron_ore":98,"minecraft:andesite":11,"minecraft:coal_ore":43,"minecraft:oak_log":8,"minecraft:dirt":7,"minecraft:cobweb":83,"minecraft:stone":128,"minecraft:oak_leaves":1},"minecraft:picked_up":{"minecraft:crafting_table":4,"minecraft:chest_minecart":1,"minecraft:andesite":8,"minecraft:leather":1,"minecraft:wooden_pickaxe":1,"minecraft:oak_log":8,"minecraft:gunpowder":2,"minecraft:lapis_lazuli":11,"minecraft:string":24,"minecraft:dirt":6,"minecraft:bone":1,"minecraft:raw_gold":1,"minecraft:beef":3,"minecraft:cobweb":64,"minecraft:powered_rail":1,"minecraft:oak_planks":6,"minecraft:furnace":2,"minecraft:raw_iron":133,"minecraft:torch":15,"minecraft:diorite":37,"minecraft:white_bed":2,"minecraft:spider_eye":5,"minecraft:rotten_flesh":2,"minecraft:granite":7,"minecraft:oak_sapling":2,"minecraft:melon_seeds":4,"minecraft:coal":58,"minecraft:rail":7,"minecraft:cobblestone":140},"minecraft:crafted":{"minecraft:cooked_beef":3,"minecraft:oak_planks":28,"minecraft:crafting_table":1,"minecraft:iron_helmet":1,"minecraft:wooden_pickaxe":1,"minecraft:iron_sword":1,"minecraft:furnace":1,"minecraft:stone_axe":1,"minecraft:bread":2,"minecraft:air":0,"minecraft:iron_chestplate":1,"minecraft:white_wool":6,"minecraft:iron_boots":1,"minecraft:shield":1,"minecraft:stick":12,"minecraft:iron_ingot":35,"minecraft:iron_pickaxe":2,"minecraft:stone_pickaxe":1,"minecraft:iron_leggings":1,"minecraft:white_bed":1,"minecraft:shears":1}},"DataVersion":3953}