{"stats":{"minecraft:mined":{"minecraft:birch_log":14,"minecraft:birch_leaves":1,"minecraft:crafting_table":1,"minecraft:short_grass":1,"minecraft:grass_block":8,"minecraft:oak_log":21,"minecraft:dirt":4,"minecraft:stone":15,"minecraft:oak_leaves":30},"minecraft:picked_up":{"minecraft:birch_log":14,"minecraft:stick":4,"minecraft:crafting_table":1,"minecraft:leather":2,"minecraft:oak_log":27,"minecraft:dirt":12,"minecraft:rotten_flesh":1,"minecraft:beef":2,"minecraft:oak_sapling":1,"minecraft:birch_sapling":1,"minecraft:mutton":1,"minecraft:white_wool":1,"minecraft:cobblestone":15},"minecraft:crafted":{"minecraft:oak_planks":40,"minecraft:crafting_table":2,"minecraft:stick":12,"minecraft:wooden_pickaxe":1,"minecraft:stone_pickaxe":1,"minecraft:stone_axe":1},"minecraft:used":{"minecraft:wooden_pickaxe":28,"minecraft:stone_axe":58,"minecraft:dirt":5,"minecraft:mutton":1,"minecraft:crafting_table":2},"minecraft:custom":{"minecraft:time_since_rest":10319,"minecraft:sprint_one_cm":17287,"minecraft:damage_taken":145,"minecraft:walk_one_cm":37309,"minecraft:mob_kills":5,"minecraft:damage_dealt":1071,"minecraft:interact_with_crafting_table":3,"minecraft:fly_one_cm":9827,"minecraft:play_time":10319,"minecraft:jump":129,"minecraft:leave_game":2,"minecraft:time_since_death":10319,"minecraft:total_world_time":10319,"minecraft:fall_one_cm":3084},"minecraft:killed":{"minecraft:zombie":1,"minecraft:creeper":3,"minecraft:cow":1}},"DataVersion":3953}