{"stats":{"minecraft:mined":{"minecraft:iron_ore":2,"minecraft:birch_log":14,"minecraft:birch_leaves":1,"minecraft:crafting_table":1,"minecraft:short_grass":1,"minecraft:grass_block":19,"minecraft:oak_log":35,"minecraft:gravel":14,"minecraft:dirt":26,"minecraft:stone":67,"minecraft:oak_leaves":40},"minecraft:picked_up":{"minecraft:birch_log":14,"minecraft:raw_iron":2,"minecraft:stick":4,"minecraft:crafting_table":1,"minecraft:leather":5,"minecraft:gravel":13,"minecraft:porkchop":1,"minecraft:flint":1,"minecraft:oak_log":41,"minecraft:dirt":45,"minecraft:rotten_flesh":2,"minecraft:apple":2,"minecraft:beef":11,"minecraft:oak_sapling":2,"minecraft:black_wool":1,"minecraft:birch_sapling":1,"minecraft:mutton":5,"minecraft:white_wool":3,"minecraft:cobblestone":67},"minecraft:crafted":{"minecraft:oak_planks":100,"minecraft:stone_shovel":1,"minecraft:crafting_table":3,"minecraft:stick":12,"minecraft:wooden_pickaxe":1,"minecraft:stone_pickaxe":1,"minecraft:stone_sword":1,"minecraft:chest":2,"minecraft:stone_axe":2},"minecraft:used":{"minecraft:golden_boots":1,"minecraft:apple":2,"minecraft:stone_pickaxe":50,"minecraft:stone_shovel":38,"minecraft:birch_sapling":1,"minecraft:chest":2,"minecraft:wooden_pickaxe":32,"minecraft:stone_axe":94,"minecraft:dirt":14,"minecraft:mutton":1,"minecraft:beef":8,"minecraft:crafting_table":4,"minecraft:oak_sapling":2,"minecraft:porkchop":1},"minecraft:custom":{"minecraft:time_since_rest":22319,"minecraft:interact_with_furnace":1,"minecraft:sprint_one_cm":72212,"minecraft:damage_taken":235,"minecraft:walk_one_cm":73589,"minecraft:mob_kills":13,"minecraft:damage_dealt":1912,"minecraft:talked_to_villager":1,"minecraft:interact_with_crafting_table":5,"minecraft:fly_one_cm":37974,"minecraft:open_chest":4,"minecraft:crouch_one_cm":230,"minecraft:play_time":22319,"minecraft:sneak_time":245,"minecraft:jump":293,"minecraft:leave_game":2,"minecraft:time_since_death":22319,"minecraft:total_world_time":22319,"minecraft:fall_one_cm":6111},"minecraft:killed":{"minecraft:sheep":3,"minecraft:zombie":2,"minecraft:pig":1,"minecraft:creeper":3,"minecraft:cow":4}},"DataVersion":3953}