{"stats":{"minecraft:custom":{"minecraft:jump":43,"minecraft:time_since_rest":1270,"minecraft:leave_game":1,"minecraft:sprint_one_cm":1095,"minecraft:play_time":1270,"minecraft:damage_taken":40,"minecraft:time_since_death":1270,"minecraft:walk_one_cm":6640,"minecraft:total_world_time":1270,"minecraft:fly_one_cm":2022,"minecraft:fall_one_cm":1762},"minecraft:used":{"minecraft:dirt":2},"minecraft:mined":{"minecraft:grass_block":1,"minecraft:oak_leaves":2,"minecraft:dirt":2},"minecraft:picked_up":{"minecraft:mutton":1,"minecraft:white_wool":1,"minecraft:dirt":3}},"DataVersion":3953}