{"stats":{"minecraft:picked_up":{"minecraft:birch_log":14,"minecraft:raw_iron":4,"minecraft:stick":4,"minecraft:crafting_table":1,"minecraft:leather":5,"minecraft:gravel":23,"minecraft:porkchop":1,"minecraft:flint":1,"minecraft:oak_log":41,"minecraft:dirt":74,"minecraft:rotten_flesh":2,"minecraft:apple":2,"minecraft:wheat_seeds":1,"minecraft:beef":11,"minecraft:oak_sapling":2,"minecraft:birch_sapling":1,"minecraft:black_wool":1,"minecraft:mutton":5,"minecraft:white_wool":3,"minecraft:cobblestone":115},"minecraft:killed":{"minecraft:sheep":3,"minecraft:zombie":2,"minecraft:pig":1,"minecraft:creeper":3,"minecraft:cow":4},"minecraft:used":{"minecraft:golden_boots":1,"minecraft:cooked_mutton":1,"minecraft:apple":2,"minecraft:stone_pickaxe":100,"minecraft:stone_shovel":84,"minecraft:birch_sapling":1,"minecraft:chest":2,"minecraft:wooden_pickaxe":32,"minecraft:stone_axe":94,"minecraft:dirt":14,"minecraft:mutton":1,"minecraft:beef":8,"minecraft:crafting_table":4,"minecraft:furnace":2,"minecraft:oak_sapling":2,"minecraft:porkchop":1},"minecraft:mined":{"minecraft:birch_log":14,"minecraft:iron_ore":4,"minecraft:birch_leaves":1,"minecraft:crafting_table":1,"minecraft:short_grass":9,"minecraft:grass_block":26,"minecraft:oak_log":35,"minecraft:gravel":24,"minecraft:dirt":47,"minecraft:stone":115,"minecraft:oak_leaves":40},"minecraft:crafted":{"minecraft:oak_planks":100,"minecraft:stone_shovel":1,"minecraft:crafting_table":3,"minecraft:stick":12,"minecraft:wooden_pickaxe":1,"minecraft:stone_pickaxe":1,"minecraft:stone_sword":1,"minecraft:chest":2,"minecraft:furnace":2,"minecraft:stone_axe":2,"minecraft:cooked_mutton":4},"minecraft:custom":{"minecraft:time_since_rest":4072,"minecraft:interact_with_furnace":4,"minecraft:sprint_one_cm":78632,"minecraft:damage_taken":235,"minecraft:walk_one_cm":107901,"minecraft:mob_kills":13,"minecraft:damage_dealt":1912,"minecraft:interact_with_crafting_table":8,"minecraft:talked_to_villager":1,"minecraft:fly_one_cm":46561,"minecraft:open_chest":5,"minecraft:crouch_one_cm":230,"minecraft:play_time":31965,"minecraft:sneak_time":245,"minecraft:jump":348,"minecraft:leave_game":4,"minecraft:time_since_death":31965,"minecraft:sleep_in_bed":1,"minecraft:total_world_time":31965,"minecraft:fall_one_cm":6111}},"DataVersion":3953}