{"stats":{"minecraft:crafted":{"minecraft:oak_planks":100,"minecraft:stone_shovel":1,"minecraft:crafting_table":3,"minecraft:stick":40,"minecraft:wooden_pickaxe":1,"minecraft:stone_pickaxe":1,"minecraft:stone_sword":1,"minecraft:chest":2,"minecraft:furnace":2,"minecraft:torch":68,"minecraft:stone_axe":2,"minecraft:cooked_mutton":4,"minecraft:cooked_beef":3},"minecraft:killed":{"minecraft:sheep":3,"minecraft:zombie":4,"minecraft:pig":1,"minecraft:spider":1,"minecraft:creeper":3,"minecraft:cow":4},"minecraft:custom":{"minecraft:time_since_rest":12510,"minecraft:interact_with_furnace":6,"minecraft:sprint_one_cm":124940,"minecraft:damage_taken":257,"minecraft:walk_one_cm":148071,"minecraft:mob_kills":16,"minecraft:damage_dealt":2462,"minecraft:interact_with_crafting_table":9,"minecraft:talked_to_villager":2,"minecraft:fly_one_cm":76150,"minecraft:open_chest":9,"minecraft:crouch_one_cm":371,"minecraft:play_time":45431,"minecraft:sneak_time":261,"minecraft:jump":466,"minecraft:leave_game":6,"minecraft:time_since_death":45431,"minecraft:sleep_in_bed":2,"minecraft:total_world_time":45431,"minecraft:fall_one_cm":6111},"minecraft:picked_up":{"minecraft:birch_log":14,"minecraft:raw_iron":4,"minecraft:stick":4,"minecraft:crafting_table":1,"minecraft:leather":5,"minecraft:gravel":23,"minecraft:porkchop":1,"minecraft:flint":1,"minecraft:oak_log":41,"minecraft:spider_eye":1,"minecraft:dirt":74,"minecraft:rotten_flesh":3,"minecraft:apple":2,"minecraft:wheat_seeds":1,"minecraft:beef":11,"minecraft:oak_sapling":2,"minecraft:birch_sapling":1,"minecraft:black_wool":1,"minecraft:mutton":5,"minecraft:white_wool":3,"minecraft:cobblestone":115},"minecraft:mined":{"minecraft:birch_log":14,"minecraft:iron_ore":4,"minecraft:birch_leaves":1,"minecraft:crafting_table":1,"minecraft:short_grass":15,"minecraft:grass_block":26,"minecraft:oak_log":35,"minecraft:gravel":24,"minecraft:dirt":47,"minecraft:stone":115,"minecraft:oak_leaves":40},"minecraft:used":{"minecraft:golden_boots":1,"minecraft:cooked_mutton":1,"minecraft:apple":2,"minecraft:stone_pickaxe":100,"minecraft:stone_shovel":84,"minecraft:birch_sapling":1,"minecraft:chest":2,"minecraft:wooden_pickaxe":32,"minecraft:iron_sword":17,"minecraft:cat_spawn_egg":24,"minecraft:stone_axe":94,"minecraft:torch":69,"minecraft:dirt":14,"minecraft:mutton":1,"minecraft:beef":8,"minecraft:crafting_table":4,"minecraft:furnace":2,"minecraft:oak_sapling":2,"minecraft:porkchop":1,"minecraft:experience_bottle":535}},"DataVersion":3953}