{"stats":{"minecraft:dropped":{"minecraft:oak_log":2,"minecraft:stone_sword":1,"minecraft:rotten_flesh":5,"minecraft:feather":2,"minecraft:wooden_axe":2,"minecraft:spider_eye":3,"minecraft:arrow":2,"minecraft:stone_pickaxe":2,"minecraft:wooden_pickaxe":1,"minecraft:string":15,"minecraft:bone":3},"minecraft:killed":{"minecraft:cave_spider":5,"minecraft:pig":3,"minecraft:spider":2,"minecraft:skeleton":2,"minecraft:sheep":1,"minecraft:zombie":8,"minecraft:chicken":4,"minecraft:cow":7},"minecraft:custom":{"minecraft:interact_with_furnace":104,"minecraft:mob_kills":32,"minecraft:interact_with_crafting_table":18,"minecraft:time_since_death":29964,"minecraft:time_since_rest":29964,"minecraft:sprint_one_cm":102553,"minecraft:damage_taken":540,"minecraft:walk_one_cm":66500,"minecraft:damage_blocked_by_shield":20,"minecraft:drop":19,"minecraft:damage_dealt":4188,"minecraft:fly_one_cm":70616,"minecraft:crouch_one_cm":27091,"minecraft:play_time":29964,"minecraft:sneak_time":6879,"minecraft:jump":526,"minecraft:total_world_time":29964,"minecraft:fall_one_cm":11463},"minecraft:mined":{"minecraft:crafting_table":6,"minecraft:granite":11,"minecraft:short_grass":3,"minecraft:grass_block":1,"minecraft:diorite":2,"minecraft:wall_torch":1,"minecraft:spawner":4,"minecraft:furnace":6,"minecraft:iron_ore":83,"minecraft:coal_ore":81,"minecraft:oak_log":16,"minecraft:cobweb":23,"minecraft:stone":43,"minecraft:oak_leaves":2},"minecraft:used":{"minecraft:cooked_mutton":2,"minecraft:diorite":2,"minecraft:stone_sword":35,"minecraft:stone_pickaxe":113,"minecraft:shield":1,"minecraft:wooden_pickaxe":23,"minecraft:iron_sword":55,"minecraft:cooked_chicken":3,"minecraft:rotten_flesh":4,"minecraft:torch":65,"minecraft:dirt":1,"minecraft:crafting_table":6,"minecraft:granite":11,"minecraft:wooden_axe":23,"minecraft:iron_pickaxe":100,"minecraft:cobblestone":2,"minecraft:furnace":6,"minecraft:oak_sapling":1,"minecraft:cooked_beef":3},"minecraft:crafted":{"minecraft:cooked_beef":14,"minecraft:oak_planks":48,"minecraft:cooked_porkchop":5,"minecraft:crafting_table":1,"minecraft:wooden_pickaxe":1,"minecraft:cooked_chicken":4,"minecraft:iron_sword":1,"minecraft:furnace":2,"minecraft:leather_helmet":1,"minecraft:cooked_mutton":2,"minecraft:air":0,"minecraft:iron_chestplate":1,"minecraft:iron_boots":1,"minecraft:shield":1,"minecraft:stick":36,"minecraft:iron_ingot":42,"minecraft:iron_pickaxe":1,"minecraft:stone_pickaxe":1,"minecraft:wooden_axe":1,"minecraft:stone_sword":1,"minecraft:iron_leggings":1,"minecraft:torch":76},"minecraft:picked_up":{"minecraft:wooden_axe":1,"minecraft:crafting_table":6,"minecraft:feather":2,"minecraft:chicken":4,"minecraft:leather":5,"minecraft:oak_log":20,"minecraft:dirt":1,"minecraft:string":29,"minecraft:bone":3,"minecraft:beef":14,"minecraft:stone_pickaxe":1,"minecraft:furnace":6,"minecraft:stick":1,"minecraft:raw_iron":83,"minecraft:torch":1,"minecraft:porkchop":5,"minecraft:diorite":2,"minecraft:spider_eye":3,"minecraft:arrow":2,"minecraft:rotten_flesh":9,"minecraft:granite":11,"minecraft:oak_sapling":1,"minecraft:mutton":2,"minecraft:coal":145,"minecraft:white_wool":1,"minecraft:cobblestone":43}},"DataVersion":3953}