{"stats":{"minecraft:dropped":{"minecraft:wooden_axe":2,"minecraft:spider_eye":1,"minecraft:arrow":2,"minecraft:stone_pickaxe":1,"minecraft:wooden_pickaxe":1,"minecraft:string":2},"minecraft:killed":{"minecraft:skeleton":1,"minecraft:zombie":4,"minecraft:spider":1,"minecraft:cow":1},"minecraft:custom":{"minecraft:time_since_rest":5964,"minecraft:interact_with_furnace":4,"minecraft:sprint_one_cm":17323,"minecraft:damage_taken":220,"minecraft:walk_one_cm":16762,"minecraft:mob_kills":7,"minecraft:drop":7,"minecraft:damage_dealt":1247,"minecraft:interact_with_crafting_table":5,"minecraft:fly_one_cm":14298,"minecraft:crouch_one_cm":4199,"minecraft:play_time":5964,"minecraft:sneak_time":1086,"minecraft:jump":133,"minecraft:time_since_death":5964,"minecraft:total_world_time":5964,"minecraft:fall_one_cm":2780},"minecraft:mined":{"minecraft:furnace":1,"minecraft:crafting_table":4,"minecraft:oak_log":10,"minecraft:grass_block":1,"minecraft:coal_ore":5,"minecraft:stone":19,"minecraft:oak_leaves":2},"minecraft:used":{"minecraft:wooden_axe":23,"minecraft:stone_sword":3,"minecraft:stone_pickaxe":7,"minecraft:wooden_pickaxe":23,"minecraft:rotten_flesh":4,"minecraft:dirt":1,"minecraft:crafting_table":4,"minecraft:oak_sapling":1,"minecraft:furnace":1,"minecraft:cooked_beef":1},"minecraft:crafted":{"minecraft:cooked_beef":3,"minecraft:oak_planks":20,"minecraft:crafting_table":1,"minecraft:stick":8,"minecraft:wooden_pickaxe":1,"minecraft:stone_pickaxe":1,"minecraft:wooden_axe":1,"minecraft:stone_sword":1,"minecraft:furnace":1,"minecraft:air":0},"minecraft:picked_up":{"minecraft:wooden_axe":1,"minecraft:crafting_table":4,"minecraft:oak_log":10,"minecraft:spider_eye":1,"minecraft:string":2,"minecraft:dirt":1,"minecraft:arrow":2,"minecraft:bone":2,"minecraft:rotten_flesh":4,"minecraft:beef":3,"minecraft:stone_pickaxe":1,"minecraft:oak_sapling":1,"minecraft:coal":9,"minecraft:cobblestone":19,"minecraft:furnace":1}},"DataVersion":3953}