{"stats":{"minecraft:dropped":{"minecraft:oak_log":2,"minecraft:feather":2,"minecraft:wooden_axe":2,"minecraft:spider_eye":1,"minecraft:arrow":2,"minecraft:stone_pickaxe":1,"minecraft:wooden_pickaxe":1,"minecraft:string":2,"minecraft:bone":2},"minecraft:killed":{"minecraft:pig":3,"minecraft:spider":1,"minecraft:skeleton":1,"minecraft:sheep":1,"minecraft:zombie":4,"minecraft:chicken":4,"minecraft:cow":7},"minecraft:custom":{"minecraft:interact_with_furnace":67,"minecraft:mob_kills":21,"minecraft:interact_with_crafting_table":11,"minecraft:time_since_death":17964,"minecraft:time_since_rest":17964,"minecraft:sprint_one_cm":54349,"minecraft:damage_taken":315,"minecraft:walk_one_cm":38594,"minecraft:drop":11,"minecraft:damage_dealt":2427,"minecraft:fly_one_cm":55818,"minecraft:crouch_one_cm":14010,"minecraft:play_time":17964,"minecraft:sneak_time":3868,"minecraft:jump":373,"minecraft:total_world_time":17964,"minecraft:fall_one_cm":10027},"minecraft:mined":{"minecraft:crafting_table":5,"minecraft:granite":10,"minecraft:short_grass":3,"minecraft:grass_block":1,"minecraft:wall_torch":1,"minecraft:furnace":4,"minecraft:iron_ore":23,"minecraft:coal_ore":46,"minecraft:oak_log":16,"minecraft:stone":27,"minecraft:oak_leaves":2},"minecraft:used":{"minecraft:cooked_mutton":1,"minecraft:stone_sword":30,"minecraft:stone_pickaxe":93,"minecraft:wooden_pickaxe":23,"minecraft:rotten_flesh":4,"minecraft:torch":11,"minecraft:dirt":1,"minecraft:crafting_table":5,"minecraft:granite":10,"minecraft:wooden_axe":23,"minecraft:furnace":4,"minecraft:oak_sapling":1,"minecraft:cooked_beef":3},"minecraft:crafted":{"minecraft:cooked_beef":14,"minecraft:oak_planks":48,"minecraft:cooked_porkchop":5,"minecraft:crafting_table":1,"minecraft:wooden_pickaxe":1,"minecraft:cooked_chicken":4,"minecraft:furnace":2,"minecraft:leather_helmet":1,"minecraft:cooked_mutton":2,"minecraft:air":0,"minecraft:iron_boots":1,"minecraft:shield":1,"minecraft:stick":20,"minecraft:iron_ingot":8,"minecraft:iron_pickaxe":1,"minecraft:stone_pickaxe":1,"minecraft:wooden_axe":1,"minecraft:stone_sword":1,"minecraft:torch":48},"minecraft:picked_up":{"minecraft:wooden_axe":1,"minecraft:crafting_table":5,"minecraft:feather":2,"minecraft:chicken":4,"minecraft:leather":5,"minecraft:oak_log":20,"minecraft:dirt":1,"minecraft:string":2,"minecraft:bone":2,"minecraft:beef":14,"minecraft:stone_pickaxe":1,"minecraft:furnace":4,"minecraft:stick":1,"minecraft:raw_iron":23,"minecraft:torch":1,"minecraft:porkchop":5,"minecraft:spider_eye":1,"minecraft:arrow":2,"minecraft:rotten_flesh":4,"minecraft:granite":10,"minecraft:oak_sapling":1,"minecraft:mutton":2,"minecraft:coal":90,"minecraft:white_wool":1,"minecraft:cobblestone":27}},"DataVersion":3953}