{"stats":{"minecraft:dropped":{"minecraft:iron_ingot":28,"minecraft:wheat_seeds":16,"minecraft:ominous_bottle":1,"minecraft:oak_log":2,"minecraft:crossbow":7,"minecraft:feather":2,"minecraft:cobblestone":23,"minecraft:leather_helmet":2,"minecraft:dirt":2,"minecraft:dark_oak_fence":13,"minecraft:crimson_roots":1,"minecraft:wooden_axe":2,"minecraft:diamond_helmet":1,"minecraft:string":29,"minecraft:white_wool":3,"minecraft:bone":11,"minecraft:gravel":1,"minecraft:stone_sword":1,"minecraft:cobbled_deepslate":2,"minecraft:tuff":28,"minecraft:wheat":10,"minecraft:rotten_flesh":26,"minecraft:gunpowder":4,"minecraft:spider_eye":3,"minecraft:arrow":2,"minecraft:bow":2,"minecraft:stone_pickaxe":2,"minecraft:wooden_pickaxe":1,"minecraft:raw_gold":2},"minecraft:killed":{"minecraft:cave_spider":6,"minecraft:spider":2,"minecraft:skeleton":9,"minecraft:chicken":4,"minecraft:piglin":1,"minecraft:pig":6,"minecraft:zombie_villager":1,"minecraft:iron_golem":1,"minecraft:creeper":3,"minecraft:sheep":2,"minecraft:pillager":84,"minecraft:zombie":19,"minecraft:cow":13},"minecraft:custom":{"minecraft:interact_with_anvil":3,"minecraft:mob_kills":153,"minecraft:animals_bred":6,"minecraft:interact_with_crafting_table":45,"minecraft:time_since_death":125964,"minecraft:sprint_one_cm":381353,"minecraft:walk_one_cm":344961,"minecraft:damage_blocked_by_shield":1823,"minecraft:drop":90,"minecraft:play_time":125964,"minecraft:sneak_time":17221,"minecraft:walk_under_water_one_cm":1954,"minecraft:jump":3553,"minecraft:walk_on_water_one_cm":2892,"minecraft:total_world_time":125964,"minecraft:interact_with_furnace":142,"minecraft:sleep_in_bed":2,"minecraft:time_since_rest":5553,"minecraft:damage_taken":2283,"minecraft:damage_dealt":29713,"minecraft:swim_one_cm":3373,"minecraft:fly_one_cm":660886,"minecraft:open_chest":64,"minecraft:crouch_one_cm":68622,"minecraft:fall_one_cm":85498},"minecraft:broken":{"minecraft:iron_sword":1,"minecraft:iron_pickaxe":1},"minecraft:used":{"minecraft:stone_sword":35,"minecraft:iron_shovel":73,"minecraft:flint_and_steel":1,"minecraft:poppy":2,"minecraft:chest":3,"minecraft:shield":63,"minecraft:iron_sword":234,"minecraft:rotten_flesh":4,"minecraft:cooked_chicken":4,"minecraft:torch":182,"minecraft:dirt":55,"minecraft:anvil":3,"minecraft:white_carpet":6,"minecraft:carrot":7,"minecraft:granite":32,"minecraft:obsidian":4,"minecraft:iron_hoe":97,"minecraft:wooden_axe":23,"minecraft:iron_axe":309,"minecraft:crimson_roots":1,"minecraft:bow":4,"minecraft:ominous_bottle":1,"minecraft:oak_sapling":1,"minecraft:furnace":12,"minecraft:egg":2,"minecraft:cooked_beef":20,"minecraft:potato":16,"minecraft:cobbled_deepslate":108,"minecraft:wheat_seeds":34,"minecraft:cooked_mutton":4,"minecraft:diorite":4,"minecraft:stone_pickaxe":113,"minecraft:oak_planks":4,"minecraft:wooden_pickaxe":23,"minecraft:sugar_cane":11,"minecraft:crafting_table":12,"minecraft:crossbow":7,"minecraft:white_bed":4,"minecraft:diamond_pickaxe":208,"minecraft:bread":6,"minecraft:iron_pickaxe":250,"minecraft:gravel":2,"minecraft:nether_wart_block":1,"minecraft:diamond_sword":95,"minecraft:cobblestone":44,"minecraft:white_banner":2,"minecraft:cooked_porkchop":10,"minecraft:dark_oak_fence":151,"minecraft:andesite":3,"minecraft:bone_meal":12},"minecraft:mined":{"minecraft:tuff":20,"minecraft:white_bed":4,"minecraft:deepslate_diamond_ore":48,"minecraft:obsidian":9,"minecraft:granite":32,"minecraft:dark_oak_fence":167,"minecraft:grass_block":66,"minecraft:spawner":4,"minecraft:furnace":10,"minecraft:carrots":2,"minecraft:iron_ore":118,"minecraft:cobbled_deepslate":1,"minecraft:andesite":3,"minecraft:anvil":2,"minecraft:potatoes":5,"minecraft:deepslate_iron_ore":2,"minecraft:stone":88,"minecraft:crafting_table":11,"minecraft:torch":14,"minecraft:short_grass":180,"minecraft:chest":2,"minecraft:tall_grass":6,"minecraft:cobblestone":20,"minecraft:oak_planks":2,"minecraft:sugar_cane":9,"minecraft:diorite":4,"minecraft:wall_torch":2,"minecraft:nether_wart_block":1,"minecraft:wheat":9,"minecraft:white_carpet":5,"minecraft:white_wall_banner":1,"minecraft:oak_log":27,"minecraft:coal_ore":109,"minecraft:dirt":3,"minecraft:gravel":4,"minecraft:cobweb":23,"minecraft:gold_ore":2,"minecraft:oak_leaves":3,"minecraft:deepslate":107},"minecraft:crafted":{"minecraft:oak_planks":76,"minecraft:cooked_chicken":4,"minecraft:furnace":2,"minecraft:bone_meal":12,"minecraft:cooked_mutton":4,"minecraft:flint_and_steel":1,"minecraft:diamond_leggings":1,"minecraft:diamond_helmet":2,"minecraft:iron_boots":1,"minecraft:bow":1,"minecraft:iron_axe":2,"minecraft:iron_hoe":1,"minecraft:stone_pickaxe":1,"minecraft:chest":1,"minecraft:cooked_beef":25,"minecraft:crossbow":5,"minecraft:diamond_sword":1,"minecraft:cooked_porkchop":10,"minecraft:crafting_table":1,"minecraft:enchanting_table":1,"minecraft:wooden_pickaxe":1,"minecraft:iron_sword":1,"minecraft:leather_helmet":1,"minecraft:air":0,"minecraft:book":1,"minecraft:iron_chestplate":1,"minecraft:paper":3,"minecraft:diamond_pickaxe":1,"minecraft:shield":1,"minecraft:stick":80,"minecraft:iron_ingot":120,"minecraft:iron_pickaxe":1,"minecraft:wooden_axe":1,"minecraft:iron_block":3,"minecraft:stone_sword":1,"minecraft:iron_shovel":1,"minecraft:iron_leggings":1,"minecraft:anvil":1,"minecraft:torch":212,"minecraft:diamond_chestplate":1},"minecraft:picked_up":{"minecraft:wooden_axe":1,"minecraft:crafting_table":11,"minecraft:wheat":13,"minecraft:ominous_bottle":13,"minecraft:chicken":4,"minecraft:anvil":2,"minecraft:iron_axe":1,"minecraft:string":29,"minecraft:white_carpet":6,"minecraft:cobbled_deepslate":110,"minecraft:beef":25,"minecraft:poppy":2,"minecraft:sugar_cane":14,"minecraft:chest":2,"minecraft:egg":2,"minecraft:furnace":10,"minecraft:raw_iron":120,"minecraft:stick":1,"minecraft:torch":40,"minecraft:porkchop":10,"minecraft:diorite":4,"minecraft:carrot":6,"minecraft:arrow":11,"minecraft:rotten_flesh":30,"minecraft:mutton":4,"minecraft:obsidian":10,"minecraft:white_wool":4,"minecraft:cobblestone":131,"minecraft:enchanting_table":1,"minecraft:feather":2,"minecraft:andesite":3,"minecraft:leather":18,"minecraft:potato":27,"minecraft:flint":1,"minecraft:tuff":28,"minecraft:oak_log":31,"minecraft:golden_boots":1,"minecraft:nether_wart_block":1,"minecraft:gunpowder":4,"minecraft:dirt":71,"minecraft:white_banner":14,"minecraft:name_tag":2,"minecraft:bone":17,"minecraft:bow":3,"minecraft:wheat_seeds":50,"minecraft:raw_gold":2,"minecraft:iron_ingot":3,"minecraft:stone_pickaxe":1,"minecraft:oak_planks":2,"minecraft:gravel":3,"minecraft:white_bed":4,"minecraft:spider_eye":3,"minecraft:leather_helmet":1,"minecraft:iron_hoe":1,"minecraft:diamond":48,"minecraft:crossbow":16,"minecraft:granite":32,"minecraft:oak_sapling":1,"minecraft:dark_oak_fence":164,"minecraft:coal":214,"minecraft:crimson_roots":2}},"DataVersion":3953}