{"stats":{"minecraft:dropped":{"minecraft:iron_ingot":28,"minecraft:wheat_seeds":18,"minecraft:ominous_bottle":1,"minecraft:oak_log":2,"minecraft:feather":2,"minecraft:crossbow":7,"minecraft:cobblestone":26,"minecraft:copper_ingot":1,"minecraft:leather_helmet":2,"minecraft:dirt":2,"minecraft:dark_oak_fence":13,"minecraft:crimson_roots":1,"minecraft:wooden_axe":2,"minecraft:diamond_helmet":1,"minecraft:sand":1,"minecraft:string":29,"minecraft:white_wool":3,"minecraft:dandelion":1,"minecraft:bone":11,"minecraft:gravel":1,"minecraft:stone_sword":1,"minecraft:cobbled_deepslate":2,"minecraft:tuff":28,"minecraft:wheat":10,"minecraft:rotten_flesh":33,"minecraft:gunpowder":4,"minecraft:spider_eye":3,"minecraft:wooden_pickaxe":1,"minecraft:arrow":2,"minecraft:bow":2,"minecraft:stone_pickaxe":2,"minecraft:raw_gold":2},"minecraft:killed":{"minecraft:cave_spider":6,"minecraft:spider":2,"minecraft:skeleton":10,"minecraft:chicken":4,"minecraft:drowned":7,"minecraft:piglin":1,"minecraft:pig":6,"minecraft:zombie_villager":1,"minecraft:iron_golem":1,"minecraft:creeper":3,"minecraft:sheep":2,"minecraft:pillager":95,"minecraft:zombie":20,"minecraft:cow":13},"minecraft:custom":{"minecraft:mob_kills":173,"minecraft:interact_with_anvil":3,"minecraft:animals_bred":21,"minecraft:interact_with_crafting_table":52,"minecraft:bell_ring":4,"minecraft:leave_game":3,"minecraft:time_since_death":220819,"minecraft:sprint_one_cm":658984,"minecraft:walk_one_cm":486016,"minecraft:damage_blocked_by_shield":1853,"minecraft:drop":101,"minecraft:play_time":220819,"minecraft:sneak_time":22459,"minecraft:walk_under_water_one_cm":37464,"minecraft:boat_one_cm":564980,"minecraft:jump":6680,"minecraft:walk_on_water_one_cm":26408,"minecraft:total_world_time":220819,"minecraft:interact_with_furnace":149,"minecraft:raid_trigger":1,"minecraft:sleep_in_bed":4,"minecraft:time_since_rest":7255,"minecraft:damage_taken":3102,"minecraft:damage_dealt":34069,"minecraft:swim_one_cm":88132,"minecraft:fly_one_cm":1419261,"minecraft:open_chest":117,"minecraft:crouch_one_cm":90025,"minecraft:fall_one_cm":169906},"minecraft:broken":{"minecraft:shears":1,"minecraft:iron_sword":1,"minecraft:iron_pickaxe":1},"minecraft:used":{"minecraft:stone_sword":35,"minecraft:iron_shovel":152,"minecraft:flint_and_steel":1,"minecraft:poppy":2,"minecraft:chest":3,"minecraft:shield":64,"minecraft:iron_sword":234,"minecraft:cooked_chicken":4,"minecraft:rotten_flesh":4,"minecraft:torch":207,"minecraft:dirt":147,"minecraft:anvil":3,"minecraft:white_carpet":8,"minecraft:carrot":40,"minecraft:granite":32,"minecraft:obsidian":4,"minecraft:wooden_axe":23,"minecraft:iron_hoe":97,"minecraft:iron_axe":345,"minecraft:crimson_roots":1,"minecraft:bow":4,"minecraft:ominous_bottle":1,"minecraft:oak_sapling":2,"minecraft:furnace":12,"minecraft:cooked_cod":13,"minecraft:egg":2,"minecraft:cooked_beef":25,"minecraft:potato":60,"minecraft:cobbled_deepslate":108,"minecraft:short_grass":4,"minecraft:wheat_seeds":148,"minecraft:cooked_mutton":4,"minecraft:mossy_stone_bricks":1,"minecraft:diorite":4,"minecraft:stone_pickaxe":113,"minecraft:oak_planks":4,"minecraft:sandstone":1,"minecraft:wooden_pickaxe":23,"minecraft:cut_sandstone":2,"minecraft:sugar_cane":22,"minecraft:oak_leaves":346,"minecraft:sand":1,"minecraft:crafting_table":17,"minecraft:crossbow":7,"minecraft:white_bed":4,"minecraft:shears":351,"minecraft:diamond_pickaxe":414,"minecraft:diamond_shovel":36,"minecraft:bread":24,"minecraft:iron_pickaxe":250,"minecraft:polished_granite":3,"minecraft:gravel":3,"minecraft:chiseled_stone_bricks":2,"minecraft:nether_wart_block":1,"minecraft:diamond_sword":158,"minecraft:cobblestone":57,"minecraft:white_banner":2,"minecraft:cooked_porkchop":10,"minecraft:dark_oak_fence":151,"minecraft:andesite":3,"minecraft:oak_boat":13,"minecraft:bone_meal":24},"minecraft:mined":{"minecraft:tuff":20,"minecraft:white_bed":4,"minecraft:deepslate_diamond_ore":48,"minecraft:obsidian":9,"minecraft:dark_oak_fence":167,"minecraft:granite":32,"minecraft:grass_block":138,"minecraft:sandstone":7,"minecraft:chiseled_stone_bricks":2,"minecraft:spawner":4,"minecraft:hay_block":9,"minecraft:tall_seagrass":1,"minecraft:furnace":10,"minecraft:carrots":16,"minecraft:iron_ore":118,"minecraft:cobbled_deepslate":1,"minecraft:suspicious_sand":2,"minecraft:andesite":3,"minecraft:anvil":2,"minecraft:potatoes":38,"minecraft:deepslate_iron_ore":2,"minecraft:stone":193,"minecraft:cut_sandstone":2,"minecraft:melon_stem":7,"minecraft:polished_granite":3,"minecraft:crafting_table":16,"minecraft:torch":14,"minecraft:short_grass":202,"minecraft:chest":2,"minecraft:cobblestone":36,"minecraft:tall_grass":8,"minecraft:lapis_ore":3,"minecraft:sugar_cane":20,"minecraft:oak_planks":2,"minecraft:diorite":4,"minecraft:wall_torch":2,"minecraft:nether_wart_block":1,"minecraft:wheat":105,"minecraft:white_carpet":7,"minecraft:birch_leaves":1,"minecraft:white_wall_banner":1,"minecraft:coal_ore":170,"minecraft:oak_log":57,"minecraft:gravel":5,"minecraft:sand":26,"minecraft:dirt":29,"minecraft:cobweb":23,"minecraft:gold_ore":2,"minecraft:mossy_stone_bricks":1,"minecraft:oak_leaves":351,"minecraft:deepslate":107},"minecraft:crafted":{"minecraft:oak_planks":96,"minecraft:cooked_chicken":4,"minecraft:furnace":2,"minecraft:bone_meal":24,"minecraft:diamond_shovel":1,"minecraft:cooked_mutton":4,"minecraft:flint_and_steel":1,"minecraft:diamond_helmet":2,"minecraft:bow":1,"minecraft:diamond_leggings":1,"minecraft:iron_boots":1,"minecraft:iron_axe":2,"minecraft:iron_hoe":1,"minecraft:stone_pickaxe":1,"minecraft:chest":1,"minecraft:wheat":81,"minecraft:cooked_beef":25,"minecraft:cooked_cod":13,"minecraft:crossbow":5,"minecraft:diamond_sword":1,"minecraft:cooked_porkchop":10,"minecraft:crafting_table":2,"minecraft:enchanting_table":1,"minecraft:wooden_pickaxe":1,"minecraft:iron_sword":1,"minecraft:leather_helmet":1,"minecraft:bread":27,"minecraft:air":0,"minecraft:oak_boat":1,"minecraft:iron_chestplate":1,"minecraft:book":1,"minecraft:paper":3,"minecraft:diamond_pickaxe":1,"minecraft:shield":1,"minecraft:stick":100,"minecraft:iron_ingot":120,"minecraft:iron_pickaxe":1,"minecraft:wooden_axe":1,"minecraft:iron_block":3,"minecraft:stone_sword":1,"minecraft:iron_shovel":1,"minecraft:iron_leggings":1,"minecraft:anvil":1,"minecraft:torch":212,"minecraft:shears":2,"minecraft:diamond_chestplate":1},"minecraft:picked_up":{"minecraft:wooden_axe":1,"minecraft:crafting_table":16,"minecraft:wheat":70,"minecraft:ominous_bottle":13,"minecraft:chicken":4,"minecraft:anvil":2,"minecraft:string":29,"minecraft:iron_axe":1,"minecraft:white_carpet":8,"minecraft:cobbled_deepslate":110,"minecraft:beef":25,"minecraft:oak_boat":13,"minecraft:poppy":2,"minecraft:chest":2,"minecraft:sugar_cane":25,"minecraft:furnace":10,"minecraft:egg":2,"minecraft:stick":1,"minecraft:raw_iron":120,"minecraft:sandstone":7,"minecraft:copper_ingot":2,"minecraft:torch":42,"minecraft:porkchop":10,"minecraft:diorite":4,"minecraft:carrot":44,"minecraft:arrow":11,"minecraft:rotten_flesh":37,"minecraft:hay_block":9,"minecraft:obsidian":10,"minecraft:mutton":4,"minecraft:white_wool":4,"minecraft:cobblestone":237,"minecraft:enchanting_table":1,"minecraft:feather":2,"minecraft:andesite":3,"minecraft:cut_sandstone":2,"minecraft:leather":18,"minecraft:potato":120,"minecraft:flint":1,"minecraft:tuff":28,"minecraft:oak_log":61,"minecraft:golden_boots":1,"minecraft:nether_wart_block":1,"minecraft:gunpowder":4,"minecraft:lapis_lazuli":18,"minecraft:dirt":165,"minecraft:white_banner":14,"minecraft:polished_granite":3,"minecraft:name_tag":2,"minecraft:bone":18,"minecraft:bow":3,"minecraft:wheat_seeds":250,"minecraft:raw_gold":2,"minecraft:iron_ingot":3,"minecraft:stone_pickaxe":1,"minecraft:mossy_stone_bricks":1,"minecraft:oak_planks":2,"minecraft:chiseled_stone_bricks":2,"minecraft:poisonous_potato":2,"minecraft:dandelion":1,"minecraft:gravel":4,"minecraft:sand":23,"minecraft:white_bed":4,"minecraft:spider_eye":3,"minecraft:leather_helmet":1,"minecraft:iron_hoe":1,"minecraft:diamond":48,"minecraft:short_grass":4,"minecraft:granite":32,"minecraft:crossbow":16,"minecraft:melon_seeds":8,"minecraft:oak_sapling":2,"minecraft:oak_leaves":346,"minecraft:dark_oak_fence":164,"minecraft:coal":275,"minecraft:crimson_roots":2}},"DataVersion":3953}