{"stats":{"minecraft:dropped":{"minecraft:iron_ingot":14,"minecraft:oak_log":2,"minecraft:stone_sword":1,"minecraft:cobbled_deepslate":2,"minecraft:wheat":10,"minecraft:tuff":28,"minecraft:crossbow":1,"minecraft:cobblestone":23,"minecraft:rotten_flesh":19,"minecraft:feather":2,"minecraft:leather_helmet":2,"minecraft:dark_oak_fence":12,"minecraft:gunpowder":4,"minecraft:wooden_axe":2,"minecraft:spider_eye":3,"minecraft:arrow":2,"minecraft:bow":2,"minecraft:stone_pickaxe":2,"minecraft:wooden_pickaxe":1,"minecraft:raw_gold":2,"minecraft:string":29,"minecraft:bone":11},"minecraft:killed":{"minecraft:cave_spider":6,"minecraft:pig":4,"minecraft:spider":2,"minecraft:iron_golem":1,"minecraft:creeper":2,"minecraft:skeleton":7,"minecraft:sheep":1,"minecraft:pillager":15,"minecraft:zombie":15,"minecraft:chicken":4,"minecraft:cow":7},"minecraft:custom":{"minecraft:interact_with_furnace":120,"minecraft:mob_kills":64,"minecraft:interact_with_crafting_table":23,"minecraft:time_since_death":65964,"minecraft:time_since_rest":13167,"minecraft:sprint_one_cm":201001,"minecraft:damage_taken":1083,"minecraft:walk_one_cm":136430,"minecraft:damage_blocked_by_shield":548,"minecraft:drop":52,"minecraft:damage_dealt":11235,"minecraft:fly_one_cm":285097,"minecraft:open_chest":1,"minecraft:crouch_one_cm":48124,"minecraft:play_time":65964,"minecraft:sneak_time":12333,"minecraft:jump":1777,"minecraft:walk_on_water_one_cm":943,"minecraft:total_world_time":65964,"minecraft:fall_one_cm":45151},"minecraft:broken":{"minecraft:iron_pickaxe":1},"minecraft:mined":{"minecraft:tuff":20,"minecraft:white_bed":2,"minecraft:deepslate_diamond_ore":48,"minecraft:dark_oak_fence":20,"minecraft:crafting_table":10,"minecraft:granite":32,"minecraft:short_grass":11,"minecraft:grass_block":5,"minecraft:cobblestone":5,"minecraft:diorite":4,"minecraft:wall_torch":2,"minecraft:spawner":4,"minecraft:furnace":8,"minecraft:cobbled_deepslate":1,"minecraft:iron_ore":118,"minecraft:andesite":3,"minecraft:coal_ore":109,"minecraft:oak_log":27,"minecraft:deepslate_iron_ore":2,"minecraft:cobweb":23,"minecraft:stone":85,"minecraft:gold_ore":2,"minecraft:deepslate":107,"minecraft:oak_leaves":3},"minecraft:used":{"minecraft:cooked_mutton":2,"minecraft:diorite":4,"minecraft:stone_sword":35,"minecraft:poppy":2,"minecraft:stone_pickaxe":113,"minecraft:shield":19,"minecraft:wooden_pickaxe":23,"minecraft:iron_sword":163,"minecraft:cooked_chicken":4,"minecraft:rotten_flesh":4,"minecraft:torch":138,"minecraft:dirt":5,"minecraft:crafting_table":10,"minecraft:crossbow":2,"minecraft:granite":32,"minecraft:wooden_axe":23,"minecraft:diamond_pickaxe":175,"minecraft:iron_axe":46,"minecraft:bread":6,"minecraft:iron_pickaxe":250,"minecraft:cobblestone":15,"minecraft:bow":4,"minecraft:dark_oak_fence":5,"minecraft:furnace":8,"minecraft:oak_sapling":1,"minecraft:cooked_porkchop":7,"minecraft:andesite":3,"minecraft:cobbled_deepslate":108,"minecraft:cooked_beef":4},"minecraft:crafted":{"minecraft:cooked_beef":14,"minecraft:crossbow":2,"minecraft:oak_planks":76,"minecraft:cooked_porkchop":7,"minecraft:crafting_table":1,"minecraft:wooden_pickaxe":1,"minecraft:cooked_chicken":4,"minecraft:iron_sword":1,"minecraft:furnace":2,"minecraft:leather_helmet":1,"minecraft:cooked_mutton":2,"minecraft:air":0,"minecraft:diamond_helmet":1,"minecraft:bow":1,"minecraft:iron_chestplate":1,"minecraft:iron_boots":1,"minecraft:diamond_pickaxe":1,"minecraft:shield":1,"minecraft:iron_axe":1,"minecraft:stick":72,"minecraft:iron_ingot":120,"minecraft:iron_pickaxe":1,"minecraft:stone_pickaxe":1,"minecraft:wooden_axe":1,"minecraft:stone_sword":1,"minecraft:iron_leggings":1,"minecraft:torch":212},"minecraft:picked_up":{"minecraft:wooden_axe":1,"minecraft:crafting_table":10,"minecraft:wheat":5,"minecraft:ominous_bottle":3,"minecraft:feather":2,"minecraft:chicken":4,"minecraft:andesite":3,"minecraft:leather":5,"minecraft:tuff":28,"minecraft:oak_log":31,"minecraft:gunpowder":4,"minecraft:white_banner":3,"minecraft:dirt":5,"minecraft:string":29,"minecraft:bone":11,"minecraft:bow":3,"minecraft:cobbled_deepslate":110,"minecraft:raw_gold":2,"minecraft:iron_ingot":3,"minecraft:beef":14,"minecraft:stone_pickaxe":1,"minecraft:poppy":2,"minecraft:furnace":8,"minecraft:stick":1,"minecraft:raw_iron":120,"minecraft:torch":2,"minecraft:porkchop":7,"minecraft:diorite":4,"minecraft:white_bed":2,"minecraft:leather_helmet":1,"minecraft:spider_eye":3,"minecraft:arrow":7,"minecraft:rotten_flesh":23,"minecraft:diamond":48,"minecraft:crossbow":4,"minecraft:granite":32,"minecraft:oak_sapling":1,"minecraft:dark_oak_fence":17,"minecraft:mutton":2,"minecraft:coal":204,"minecraft:white_wool":1,"minecraft:cobblestone":115}},"DataVersion":3953}