{"stats":{"minecraft:broken":{"minecraft:shears":1,"minecraft:iron_axe":1,"minecraft:iron_sword":1,"minecraft:iron_pickaxe":1},"minecraft:custom":{"minecraft:mob_kills":213,"minecraft:interact_with_anvil":5,"minecraft:animals_bred":50,"minecraft:interact_with_crafting_table":65,"minecraft:bell_ring":4,"minecraft:leave_game":4,"minecraft:time_since_death":278320,"minecraft:sprint_one_cm":800250,"minecraft:walk_one_cm":634481,"minecraft:damage_blocked_by_shield":1973,"minecraft:drop":116,"minecraft:play_time":278320,"minecraft:sneak_time":24501,"minecraft:walk_under_water_one_cm":39198,"minecraft:boat_one_cm":564980,"minecraft:jump":8002,"minecraft:interact_with_blast_furnace":3,"minecraft:walk_on_water_one_cm":31683,"minecraft:total_world_time":278320,"minecraft:interact_with_furnace":150,"minecraft:raid_trigger":1,"minecraft:sleep_in_bed":6,"minecraft:time_since_rest":4278,"minecraft:damage_taken":3745,"minecraft:damage_dealt":39313,"minecraft:swim_one_cm":94029,"minecraft:fly_one_cm":1726101,"minecraft:open_chest":250,"minecraft:crouch_one_cm":103347,"minecraft:fish_caught":19,"minecraft:fall_one_cm":214682},"minecraft:mined":{"minecraft:tuff":20,"minecraft:white_bed":4,"minecraft:deepslate_diamond_ore":48,"minecraft:obsidian":9,"minecraft:granite":32,"minecraft:dark_oak_fence":173,"minecraft:grass_block":284,"minecraft:sandstone":7,"minecraft:chiseled_stone_bricks":2,"minecraft:spawner":4,"minecraft:hay_block":9,"minecraft:tall_seagrass":1,"minecraft:furnace":10,"minecraft:carrots":40,"minecraft:iron_ore":118,"minecraft:cobbled_deepslate":2,"minecraft:suspicious_sand":2,"minecraft:andesite":3,"minecraft:anvil":3,"minecraft:potatoes":57,"minecraft:deepslate_iron_ore":2,"minecraft:stone":229,"minecraft:cut_sandstone":2,"minecraft:melon_stem":7,"minecraft:polished_granite":3,"minecraft:crafting_table":16,"minecraft:torch":16,"minecraft:short_grass":213,"minecraft:chest":3,"minecraft:tall_grass":10,"minecraft:cobblestone":36,"minecraft:lapis_ore":3,"minecraft:sugar_cane":196,"minecraft:oak_planks":2,"minecraft:diorite":4,"minecraft:wall_torch":2,"minecraft:nether_wart_block":1,"minecraft:wheat":165,"minecraft:white_carpet":7,"minecraft:birch_leaves":1,"minecraft:white_wall_banner":1,"minecraft:coal_ore":170,"minecraft:oak_log":57,"minecraft:gravel":5,"minecraft:sand":28,"minecraft:dirt":138,"minecraft:cobweb":23,"minecraft:gold_ore":2,"minecraft:mossy_stone_bricks":1,"minecraft:oak_leaves":351,"minecraft:deepslate":107},"minecraft:crafted":{"minecraft:oak_planks":172,"minecraft:cooked_chicken":4,"minecraft:furnace":4,"minecraft:bone_meal":24,"minecraft:diamond_shovel":1,"minecraft:bookshelf":7,"minecraft:cooked_mutton":4,"minecraft:flint_and_steel":1,"minecraft:diamond_helmet":2,"minecraft:bow":1,"minecraft:diamond_leggings":1,"minecraft:iron_boots":1,"minecraft:iron_axe":2,"minecraft:iron_hoe":1,"minecraft:stone_pickaxe":1,"minecraft:chest":6,"minecraft:wheat":81,"minecraft:cooked_beef":25,"minecraft:cooked_cod":13,"minecraft:crossbow":5,"minecraft:diamond_sword":1,"minecraft:cooked_porkchop":10,"minecraft:diamond_axe":1,"minecraft:crafting_table":2,"minecraft:enchanting_table":1,"minecraft:wooden_pickaxe":1,"minecraft:iron_sword":1,"minecraft:leather_helmet":1,"minecraft:bread":27,"minecraft:air":0,"minecraft:oak_boat":1,"minecraft:book":23,"minecraft:iron_chestplate":1,"minecraft:paper":84,"minecraft:diamond_pickaxe":1,"minecraft:shield":1,"minecraft:stick":108,"minecraft:iron_ingot":120,"minecraft:iron_pickaxe":1,"minecraft:wooden_axe":1,"minecraft:stone_sword":1,"minecraft:iron_block":3,"minecraft:iron_shovel":1,"minecraft:iron_leggings":1,"minecraft:anvil":1,"minecraft:torch":212,"minecraft:shears":2,"minecraft:diamond_chestplate":1},"minecraft:dropped":{"minecraft:iron_ingot":28,"minecraft:wheat_seeds":182,"minecraft:ominous_bottle":1,"minecraft:oak_log":24,"minecraft:baked_potato":32,"minecraft:diamond":39,"minecraft:feather":2,"minecraft:poisonous_potato":2,"minecraft:crossbow":7,"minecraft:cobblestone":26,"minecraft:copper_ingot":1,"minecraft:leather_helmet":2,"minecraft:dirt":2,"minecraft:dark_oak_fence":13,"minecraft:crimson_roots":1,"minecraft:wooden_axe":2,"minecraft:diamond_helmet":1,"minecraft:sand":2,"minecraft:string":31,"minecraft:white_wool":3,"minecraft:bone":11,"minecraft:dandelion":1,"minecraft:gravel":1,"minecraft:stone_sword":1,"minecraft:cobbled_deepslate":2,"minecraft:tuff":28,"minecraft:wheat":10,"minecraft:rotten_flesh":41,"minecraft:gunpowder":4,"minecraft:spider_eye":7,"minecraft:wooden_pickaxe":1,"minecraft:bow":2,"minecraft:arrow":2,"minecraft:stone_pickaxe":2,"minecraft:raw_gold":2},"minecraft:killed":{"minecraft:cave_spider":6,"minecraft:spider":2,"minecraft:skeleton":12,"minecraft:horse":3,"minecraft:chicken":4,"minecraft:drowned":7,"minecraft:piglin":1,"minecraft:pig":6,"minecraft:zombie_villager":1,"minecraft:iron_golem":1,"minecraft:creeper":3,"minecraft:sheep":15,"minecraft:pillager":101,"minecraft:zombie":22,"minecraft:cow":26},"minecraft:used":{"minecraft:enchanting_table":1,"minecraft:stone_sword":35,"minecraft:iron_shovel":152,"minecraft:flint_and_steel":1,"minecraft:poppy":2,"minecraft:chest":9,"minecraft:shield":66,"minecraft:iron_sword":234,"minecraft:cooked_chicken":4,"minecraft:rotten_flesh":4,"minecraft:torch":233,"minecraft:dirt":239,"minecraft:anvil":4,"minecraft:white_carpet":9,"minecraft:carrot":64,"minecraft:granite":32,"minecraft:obsidian":4,"minecraft:wooden_axe":23,"minecraft:iron_hoe":99,"minecraft:bookshelf":7,"minecraft:iron_axe":347,"minecraft:crimson_roots":1,"minecraft:bow":4,"minecraft:ominous_bottle":1,"minecraft:furnace":14,"minecraft:oak_sapling":2,"minecraft:cooked_cod":13,"minecraft:egg":2,"minecraft:cooked_beef":25,"minecraft:potato":80,"minecraft:cobbled_deepslate":109,"minecraft:short_grass":4,"minecraft:wheat_seeds":212,"minecraft:cooked_mutton":4,"minecraft:mossy_stone_bricks":1,"minecraft:diorite":4,"minecraft:stone_pickaxe":113,"minecraft:oak_planks":4,"minecraft:baked_potato":13,"minecraft:sandstone":1,"minecraft:wooden_pickaxe":23,"minecraft:cut_sandstone":2,"minecraft:diamond_axe":30,"minecraft:sugar_cane":84,"minecraft:oak_leaves":346,"minecraft:sand":2,"minecraft:crafting_table":17,"minecraft:crossbow":7,"minecraft:white_bed":4,"minecraft:shears":351,"minecraft:diamond_pickaxe":452,"minecraft:diamond_shovel":295,"minecraft:bread":33,"minecraft:iron_pickaxe":250,"minecraft:polished_granite":3,"minecraft:gravel":3,"minecraft:chiseled_stone_bricks":2,"minecraft:fishing_rod":26,"minecraft:nether_wart_block":1,"minecraft:diamond_sword":201,"minecraft:cobblestone":57,"minecraft:white_banner":3,"minecraft:cooked_porkchop":10,"minecraft:dark_oak_fence":156,"minecraft:andesite":3,"minecraft:oak_boat":13,"minecraft:bone_meal":24},"minecraft:picked_up":{"minecraft:wooden_axe":1,"minecraft:crafting_table":16,"minecraft:wheat":126,"minecraft:ominous_bottle":21,"minecraft:chicken":4,"minecraft:anvil":3,"minecraft:string":33,"minecraft:iron_axe":2,"minecraft:pufferfish":3,"minecraft:white_carpet":9,"minecraft:iron_shovel":1,"minecraft:cobbled_deepslate":239,"minecraft:detector_rail":1,"minecraft:beef":49,"minecraft:oak_boat":13,"minecraft:poppy":2,"minecraft:chest":3,"minecraft:sugar_cane":287,"minecraft:furnace":10,"minecraft:egg":2,"minecraft:stick":1,"minecraft:raw_iron":120,"minecraft:sandstone":7,"minecraft:oak_door":2,"minecraft:copper_ingot":2,"minecraft:torch":45,"minecraft:porkchop":10,"minecraft:diorite":4,"minecraft:carrot":155,"minecraft:arrow":14,"minecraft:rotten_flesh":40,"minecraft:shears":1,"minecraft:hay_block":9,"minecraft:obsidian":11,"minecraft:mutton":24,"minecraft:cod":10,"minecraft:white_wool":17,"minecraft:cobblestone":393,"minecraft:enchanting_table":1,"minecraft:feather":4,"minecraft:salmon":6,"minecraft:andesite":3,"minecraft:cut_sandstone":2,"minecraft:leather":29,"minecraft:potato":209,"minecraft:flint":1,"minecraft:tuff":28,"minecraft:oak_log":103,"minecraft:golden_boots":1,"minecraft:nether_wart_block":1,"minecraft:gunpowder":4,"minecraft:lapis_lazuli":18,"minecraft:dirt":445,"minecraft:white_banner":15,"minecraft:polished_granite":3,"minecraft:name_tag":2,"minecraft:bone":19,"minecraft:bow":3,"minecraft:wheat_seeds":418,"minecraft:raw_gold":2,"minecraft:heart_of_the_sea":1,"minecraft:stone_pickaxe":1,"minecraft:iron_ingot":18,"minecraft:mossy_stone_bricks":1,"minecraft:oak_planks":2,"minecraft:chiseled_stone_bricks":2,"minecraft:dandelion":1,"minecraft:poisonous_potato":2,"minecraft:gravel":4,"minecraft:sand":25,"minecraft:white_bed":4,"minecraft:spider_eye":3,"minecraft:leather_helmet":1,"minecraft:iron_hoe":1,"minecraft:diamond":74,"minecraft:stone_axe":1,"minecraft:short_grass":4,"minecraft:granite":32,"minecraft:crossbow":18,"minecraft:baked_potato":66,"minecraft:oak_sapling":2,"minecraft:oak_leaves":346,"minecraft:melon_seeds":8,"minecraft:dark_oak_fence":170,"minecraft:coal":362,"minecraft:crimson_roots":2}},"DataVersion":3953}