{"stats":{"minecraft:dropped":{"minecraft:oak_log":2,"minecraft:stone_sword":1,"minecraft:cobbled_deepslate":2,"minecraft:tuff":8,"minecraft:cobblestone":23,"minecraft:rotten_flesh":17,"minecraft:feather":2,"minecraft:gunpowder":3,"minecraft:wooden_axe":2,"minecraft:spider_eye":3,"minecraft:arrow":2,"minecraft:stone_pickaxe":2,"minecraft:wooden_pickaxe":1,"minecraft:raw_gold":2,"minecraft:string":29,"minecraft:bone":11},"minecraft:killed":{"minecraft:cave_spider":6,"minecraft:pig":3,"minecraft:spider":2,"minecraft:creeper":2,"minecraft:skeleton":7,"minecraft:sheep":1,"minecraft:zombie":14,"minecraft:chicken":4,"minecraft:cow":7},"minecraft:custom":{"minecraft:interact_with_furnace":104,"minecraft:mob_kills":46,"minecraft:interact_with_crafting_table":19,"minecraft:time_since_death":41964,"minecraft:time_since_rest":4853,"minecraft:sprint_one_cm":142318,"minecraft:damage_taken":800,"minecraft:walk_one_cm":96296,"minecraft:damage_blocked_by_shield":253,"minecraft:drop":40,"minecraft:damage_dealt":6521,"minecraft:fly_one_cm":131179,"minecraft:crouch_one_cm":36997,"minecraft:play_time":41964,"minecraft:sneak_time":9382,"minecraft:jump":858,"minecraft:walk_on_water_one_cm":943,"minecraft:total_world_time":41964,"minecraft:fall_one_cm":21473},"minecraft:mined":{"minecraft:tuff":8,"minecraft:deepslate_diamond_ore":7,"minecraft:crafting_table":7,"minecraft:granite":11,"minecraft:short_grass":3,"minecraft:grass_block":1,"minecraft:diorite":2,"minecraft:wall_torch":1,"minecraft:spawner":4,"minecraft:furnace":6,"minecraft:iron_ore":118,"minecraft:coal_ore":109,"minecraft:oak_log":27,"minecraft:deepslate_iron_ore":2,"minecraft:cobweb":23,"minecraft:stone":57,"minecraft:gold_ore":2,"minecraft:deepslate":27,"minecraft:oak_leaves":2},"minecraft:used":{"minecraft:cooked_mutton":2,"minecraft:diorite":2,"minecraft:stone_sword":35,"minecraft:stone_pickaxe":113,"minecraft:shield":9,"minecraft:wooden_pickaxe":23,"minecraft:iron_sword":99,"minecraft:cooked_chicken":4,"minecraft:rotten_flesh":4,"minecraft:torch":134,"minecraft:dirt":1,"minecraft:crafting_table":7,"minecraft:granite":11,"minecraft:wooden_axe":23,"minecraft:iron_axe":12,"minecraft:bread":6,"minecraft:iron_pickaxe":223,"minecraft:cobblestone":8,"minecraft:bow":4,"minecraft:furnace":6,"minecraft:oak_sapling":1,"minecraft:cooked_porkchop":1,"minecraft:cobbled_deepslate":14,"minecraft:cooked_beef":3},"minecraft:crafted":{"minecraft:cooked_beef":14,"minecraft:oak_planks":48,"minecraft:cooked_porkchop":5,"minecraft:crafting_table":1,"minecraft:wooden_pickaxe":1,"minecraft:cooked_chicken":4,"minecraft:iron_sword":1,"minecraft:furnace":2,"minecraft:leather_helmet":1,"minecraft:cooked_mutton":2,"minecraft:air":0,"minecraft:bow":1,"minecraft:iron_chestplate":1,"minecraft:iron_boots":1,"minecraft:shield":1,"minecraft:iron_axe":1,"minecraft:stick":64,"minecraft:iron_ingot":42,"minecraft:iron_pickaxe":1,"minecraft:stone_pickaxe":1,"minecraft:wooden_axe":1,"minecraft:stone_sword":1,"minecraft:iron_leggings":1,"minecraft:torch":212},"minecraft:picked_up":{"minecraft:wooden_axe":1,"minecraft:crafting_table":7,"minecraft:feather":2,"minecraft:chicken":4,"minecraft:leather":5,"minecraft:tuff":16,"minecraft:oak_log":31,"minecraft:gunpowder":4,"minecraft:dirt":1,"minecraft:string":29,"minecraft:bone":11,"minecraft:bow":2,"minecraft:cobbled_deepslate":29,"minecraft:raw_gold":2,"minecraft:beef":14,"minecraft:stone_pickaxe":1,"minecraft:furnace":6,"minecraft:stick":1,"minecraft:raw_iron":120,"minecraft:torch":1,"minecraft:porkchop":5,"minecraft:diorite":2,"minecraft:spider_eye":3,"minecraft:arrow":7,"minecraft:rotten_flesh":23,"minecraft:diamond":7,"minecraft:granite":11,"minecraft:oak_sapling":1,"minecraft:mutton":2,"minecraft:coal":173,"minecraft:white_wool":1,"minecraft:cobblestone":82}},"DataVersion":3953}