{"stats":{"minecraft:dropped":{"minecraft:iron_ingot":14,"minecraft:oak_log":2,"minecraft:stone_sword":1,"minecraft:cobbled_deepslate":2,"minecraft:tuff":28,"minecraft:cobblestone":23,"minecraft:rotten_flesh":19,"minecraft:feather":2,"minecraft:leather_helmet":2,"minecraft:gunpowder":4,"minecraft:wooden_axe":2,"minecraft:spider_eye":3,"minecraft:arrow":2,"minecraft:stone_pickaxe":2,"minecraft:wooden_pickaxe":1,"minecraft:raw_gold":2,"minecraft:string":29,"minecraft:bone":11},"minecraft:killed":{"minecraft:cave_spider":6,"minecraft:pig":3,"minecraft:spider":2,"minecraft:creeper":2,"minecraft:skeleton":7,"minecraft:sheep":1,"minecraft:pillager":2,"minecraft:zombie":15,"minecraft:chicken":4,"minecraft:cow":7},"minecraft:custom":{"minecraft:interact_with_furnace":110,"minecraft:mob_kills":49,"minecraft:interact_with_crafting_table":22,"minecraft:time_since_death":53964,"minecraft:time_since_rest":1167,"minecraft:sprint_one_cm":163804,"minecraft:damage_taken":840,"minecraft:walk_one_cm":114571,"minecraft:damage_blocked_by_shield":283,"minecraft:drop":46,"minecraft:damage_dealt":7081,"minecraft:fly_one_cm":183039,"minecraft:crouch_one_cm":46378,"minecraft:play_time":53964,"minecraft:sneak_time":11958,"minecraft:jump":1313,"minecraft:walk_on_water_one_cm":943,"minecraft:total_world_time":53964,"minecraft:fall_one_cm":31031},"minecraft:broken":{"minecraft:iron_pickaxe":1},"minecraft:mined":{"minecraft:tuff":20,"minecraft:deepslate_diamond_ore":48,"minecraft:crafting_table":9,"minecraft:granite":32,"minecraft:short_grass":5,"minecraft:grass_block":4,"minecraft:diorite":4,"minecraft:wall_torch":2,"minecraft:spawner":4,"minecraft:furnace":6,"minecraft:cobbled_deepslate":1,"minecraft:iron_ore":118,"minecraft:andesite":3,"minecraft:coal_ore":109,"minecraft:oak_log":27,"minecraft:deepslate_iron_ore":2,"minecraft:cobweb":23,"minecraft:stone":85,"minecraft:gold_ore":2,"minecraft:deepslate":107,"minecraft:oak_leaves":3},"minecraft:used":{"minecraft:cooked_mutton":2,"minecraft:diorite":4,"minecraft:stone_sword":35,"minecraft:stone_pickaxe":113,"minecraft:shield":10,"minecraft:wooden_pickaxe":23,"minecraft:iron_sword":109,"minecraft:cooked_chicken":4,"minecraft:rotten_flesh":4,"minecraft:torch":138,"minecraft:dirt":4,"minecraft:crafting_table":10,"minecraft:granite":32,"minecraft:wooden_axe":23,"minecraft:diamond_pickaxe":165,"minecraft:iron_axe":14,"minecraft:bread":6,"minecraft:iron_pickaxe":250,"minecraft:cobblestone":10,"minecraft:bow":4,"minecraft:furnace":8,"minecraft:oak_sapling":1,"minecraft:cooked_porkchop":3,"minecraft:andesite":3,"minecraft:cobbled_deepslate":108,"minecraft:cooked_beef":3},"minecraft:crafted":{"minecraft:cooked_beef":14,"minecraft:oak_planks":76,"minecraft:cooked_porkchop":5,"minecraft:crafting_table":1,"minecraft:wooden_pickaxe":1,"minecraft:cooked_chicken":4,"minecraft:iron_sword":1,"minecraft:furnace":2,"minecraft:leather_helmet":1,"minecraft:cooked_mutton":2,"minecraft:air":0,"minecraft:diamond_helmet":1,"minecraft:bow":1,"minecraft:iron_chestplate":1,"minecraft:iron_boots":1,"minecraft:diamond_pickaxe":1,"minecraft:shield":1,"minecraft:iron_axe":1,"minecraft:stick":72,"minecraft:iron_ingot":42,"minecraft:iron_pickaxe":1,"minecraft:stone_pickaxe":1,"minecraft:wooden_axe":1,"minecraft:stone_sword":1,"minecraft:iron_leggings":1,"minecraft:torch":212},"minecraft:picked_up":{"minecraft:wooden_axe":1,"minecraft:crafting_table":9,"minecraft:feather":2,"minecraft:chicken":4,"minecraft:andesite":3,"minecraft:leather":5,"minecraft:tuff":28,"minecraft:oak_log":31,"minecraft:gunpowder":4,"minecraft:dirt":4,"minecraft:string":29,"minecraft:bone":11,"minecraft:bow":2,"minecraft:cobbled_deepslate":110,"minecraft:raw_gold":2,"minecraft:beef":14,"minecraft:stone_pickaxe":1,"minecraft:furnace":6,"minecraft:stick":1,"minecraft:raw_iron":120,"minecraft:torch":2,"minecraft:porkchop":5,"minecraft:diorite":4,"minecraft:leather_helmet":1,"minecraft:spider_eye":3,"minecraft:arrow":7,"minecraft:rotten_flesh":23,"minecraft:diamond":48,"minecraft:crossbow":1,"minecraft:granite":32,"minecraft:oak_sapling":1,"minecraft:mutton":2,"minecraft:coal":173,"minecraft:white_wool":1,"minecraft:cobblestone":110}},"DataVersion":3953}