{"stats":{"minecraft:dropped":{"minecraft:iron_ingot":14,"minecraft:wheat_seeds":2,"minecraft:oak_log":2,"minecraft:crossbow":1,"minecraft:feather":2,"minecraft:cobblestone":23,"minecraft:leather_helmet":2,"minecraft:dirt":2,"minecraft:dark_oak_fence":12,"minecraft:wooden_axe":2,"minecraft:string":29,"minecraft:white_wool":3,"minecraft:bone":11,"minecraft:gravel":1,"minecraft:stone_sword":1,"minecraft:cobbled_deepslate":2,"minecraft:tuff":28,"minecraft:wheat":10,"minecraft:rotten_flesh":19,"minecraft:gunpowder":4,"minecraft:spider_eye":3,"minecraft:arrow":2,"minecraft:bow":2,"minecraft:stone_pickaxe":2,"minecraft:wooden_pickaxe":1,"minecraft:raw_gold":2},"minecraft:killed":{"minecraft:cave_spider":6,"minecraft:spider":2,"minecraft:skeleton":7,"minecraft:chicken":4,"minecraft:pig":6,"minecraft:iron_golem":1,"minecraft:creeper":2,"minecraft:sheep":2,"minecraft:pillager":26,"minecraft:zombie":15,"minecraft:cow":10},"minecraft:custom":{"minecraft:interact_with_anvil":1,"minecraft:mob_kills":81,"minecraft:interact_with_crafting_table":31,"minecraft:time_since_death":77964,"minecraft:sprint_one_cm":224979,"minecraft:walk_one_cm":167262,"minecraft:damage_blocked_by_shield":663,"minecraft:drop":58,"minecraft:play_time":77964,"minecraft:sneak_time":14014,"minecraft:walk_under_water_one_cm":1954,"minecraft:jump":2091,"minecraft:walk_on_water_one_cm":2831,"minecraft:total_world_time":77964,"minecraft:interact_with_furnace":131,"minecraft:time_since_rest":7962,"minecraft:damage_taken":1239,"minecraft:damage_dealt":14407,"minecraft:swim_one_cm":3373,"minecraft:fly_one_cm":345572,"minecraft:open_chest":3,"minecraft:crouch_one_cm":54224,"minecraft:fall_one_cm":52675},"minecraft:broken":{"minecraft:iron_pickaxe":1},"minecraft:used":{"minecraft:stone_sword":35,"minecraft:flint_and_steel":1,"minecraft:poppy":2,"minecraft:chest":1,"minecraft:shield":23,"minecraft:iron_sword":219,"minecraft:rotten_flesh":4,"minecraft:cooked_chicken":4,"minecraft:torch":138,"minecraft:dirt":9,"minecraft:anvil":2,"minecraft:carrot":5,"minecraft:granite":32,"minecraft:obsidian":4,"minecraft:iron_hoe":39,"minecraft:wooden_axe":23,"minecraft:iron_axe":46,"minecraft:bow":4,"minecraft:oak_sapling":1,"minecraft:furnace":10,"minecraft:cooked_beef":5,"minecraft:potato":5,"minecraft:cobbled_deepslate":108,"minecraft:wheat_seeds":3,"minecraft:cooked_mutton":4,"minecraft:diorite":4,"minecraft:stone_pickaxe":113,"minecraft:oak_planks":2,"minecraft:wooden_pickaxe":23,"minecraft:crafting_table":11,"minecraft:crossbow":2,"minecraft:white_bed":2,"minecraft:diamond_pickaxe":193,"minecraft:bread":6,"minecraft:iron_pickaxe":250,"minecraft:gravel":2,"minecraft:cobblestone":36,"minecraft:cooked_porkchop":7,"minecraft:dark_oak_fence":5,"minecraft:andesite":3},"minecraft:mined":{"minecraft:tuff":20,"minecraft:white_bed":2,"minecraft:deepslate_diamond_ore":48,"minecraft:obsidian":6,"minecraft:granite":32,"minecraft:dark_oak_fence":20,"minecraft:grass_block":10,"minecraft:spawner":4,"minecraft:furnace":8,"minecraft:iron_ore":118,"minecraft:cobbled_deepslate":1,"minecraft:andesite":3,"minecraft:anvil":1,"minecraft:deepslate_iron_ore":2,"minecraft:stone":87,"minecraft:crafting_table":10,"minecraft:short_grass":32,"minecraft:cobblestone":13,"minecraft:diorite":4,"minecraft:wall_torch":2,"minecraft:oak_log":27,"minecraft:coal_ore":109,"minecraft:gravel":4,"minecraft:cobweb":23,"minecraft:gold_ore":2,"minecraft:oak_leaves":3,"minecraft:deepslate":107},"minecraft:crafted":{"minecraft:oak_planks":76,"minecraft:cooked_chicken":4,"minecraft:furnace":2,"minecraft:cooked_mutton":4,"minecraft:flint_and_steel":1,"minecraft:diamond_helmet":1,"minecraft:iron_boots":1,"minecraft:bow":1,"minecraft:iron_axe":1,"minecraft:iron_hoe":1,"minecraft:stone_pickaxe":1,"minecraft:chest":1,"minecraft:cooked_beef":19,"minecraft:crossbow":2,"minecraft:cooked_porkchop":10,"minecraft:crafting_table":1,"minecraft:wooden_pickaxe":1,"minecraft:iron_sword":1,"minecraft:leather_helmet":1,"minecraft:air":0,"minecraft:iron_chestplate":1,"minecraft:diamond_pickaxe":1,"minecraft:shield":1,"minecraft:stick":72,"minecraft:iron_ingot":120,"minecraft:iron_pickaxe":1,"minecraft:wooden_axe":1,"minecraft:iron_block":3,"minecraft:stone_sword":1,"minecraft:iron_leggings":1,"minecraft:anvil":1,"minecraft:torch":212},"minecraft:picked_up":{"minecraft:wooden_axe":1,"minecraft:crafting_table":10,"minecraft:wheat":5,"minecraft:ominous_bottle":3,"minecraft:chicken":4,"minecraft:anvil":1,"minecraft:string":29,"minecraft:cobbled_deepslate":110,"minecraft:beef":19,"minecraft:poppy":2,"minecraft:furnace":8,"minecraft:raw_iron":120,"minecraft:stick":1,"minecraft:torch":2,"minecraft:porkchop":10,"minecraft:diorite":4,"minecraft:arrow":7,"minecraft:rotten_flesh":23,"minecraft:mutton":4,"minecraft:obsidian":6,"minecraft:white_wool":3,"minecraft:cobblestone":123,"minecraft:feather":2,"minecraft:andesite":3,"minecraft:leather":8,"minecraft:flint":1,"minecraft:tuff":28,"minecraft:oak_log":31,"minecraft:gunpowder":4,"minecraft:dirt":11,"minecraft:white_banner":3,"minecraft:bone":11,"minecraft:bow":3,"minecraft:wheat_seeds":5,"minecraft:raw_gold":2,"minecraft:iron_ingot":3,"minecraft:stone_pickaxe":1,"minecraft:gravel":3,"minecraft:white_bed":2,"minecraft:spider_eye":3,"minecraft:leather_helmet":1,"minecraft:diamond":48,"minecraft:crossbow":4,"minecraft:granite":32,"minecraft:oak_sapling":1,"minecraft:dark_oak_fence":17,"minecraft:coal":204}},"DataVersion":3953}