{"stats":{"minecraft:used":{"minecraft:enchanting_table":1,"minecraft:stone_sword":35,"minecraft:iron_shovel":152,"minecraft:flint_and_steel":1,"minecraft:poppy":3,"minecraft:chest":9,"minecraft:shield":70,"minecraft:iron_sword":234,"minecraft:cooked_chicken":4,"minecraft:rotten_flesh":4,"minecraft:torch":235,"minecraft:dirt":1406,"minecraft:anvil":4,"minecraft:white_carpet":9,"minecraft:carrot":85,"minecraft:granite":42,"minecraft:obsidian":4,"minecraft:wooden_axe":23,"minecraft:iron_hoe":99,"minecraft:bookshelf":11,"minecraft:iron_axe":347,"minecraft:crimson_roots":1,"minecraft:bow":4,"minecraft:ominous_bottle":1,"minecraft:furnace":15,"minecraft:oak_sapling":2,"minecraft:cooked_cod":13,"minecraft:egg":2,"minecraft:cooked_beef":25,"minecraft:potato":102,"minecraft:cobbled_deepslate":109,"minecraft:short_grass":4,"minecraft:wheat_seeds":259,"minecraft:cooked_mutton":4,"minecraft:mossy_stone_bricks":1,"minecraft:diorite":23,"minecraft:stone_pickaxe":113,"minecraft:oak_planks":4,"minecraft:baked_potato":34,"minecraft:sandstone":1,"minecraft:wooden_pickaxe":23,"minecraft:cut_sandstone":2,"minecraft:sugar_cane":84,"minecraft:diamond_axe":39,"minecraft:oak_leaves":346,"minecraft:glow_berries":8,"minecraft:sand":2,"minecraft:crafting_table":17,"minecraft:crossbow":7,"minecraft:white_bed":4,"minecraft:shears":351,"minecraft:smoker":2,"minecraft:diamond_pickaxe":919,"minecraft:diamond_shovel":1610,"minecraft:bread":39,"minecraft:iron_pickaxe":250,"minecraft:polished_granite":3,"minecraft:gravel":3,"minecraft:chiseled_stone_bricks":2,"minecraft:fishing_rod":26,"minecraft:nether_wart_block":1,"minecraft:diamond_sword":375,"minecraft:cobblestone":115,"minecraft:white_banner":3,"minecraft:cooked_porkchop":10,"minecraft:dark_oak_fence":156,"minecraft:andesite":19,"minecraft:oak_boat":13,"minecraft:bone_meal":24},"minecraft:crafted":{"minecraft:oak_planks":220,"minecraft:cooked_chicken":4,"minecraft:furnace":5,"minecraft:bone_meal":24,"minecraft:diamond_shovel":1,"minecraft:bookshelf":11,"minecraft:cooked_mutton":4,"minecraft:flint_and_steel":1,"minecraft:diamond_helmet":2,"minecraft:bow":1,"minecraft:diamond_leggings":1,"minecraft:iron_boots":1,"minecraft:iron_axe":2,"minecraft:iron_hoe":1,"minecraft:stone_pickaxe":1,"minecraft:chest":6,"minecraft:diamond_boots":1,"minecraft:wheat":81,"minecraft:smoker":2,"minecraft:cooked_beef":25,"minecraft:cooked_cod":13,"minecraft:crossbow":5,"minecraft:diamond_sword":1,"minecraft:cooked_porkchop":10,"minecraft:diamond_axe":1,"minecraft:crafting_table":2,"minecraft:enchanting_table":1,"minecraft:wooden_pickaxe":1,"minecraft:baked_potato":43,"minecraft:iron_sword":1,"minecraft:leather_helmet":1,"minecraft:bread":53,"minecraft:air":0,"minecraft:oak_boat":1,"minecraft:book":34,"minecraft:iron_chestplate":1,"minecraft:paper":147,"minecraft:diamond_pickaxe":2,"minecraft:shield":1,"minecraft:stick":108,"minecraft:iron_ingot":120,"minecraft:iron_pickaxe":1,"minecraft:wooden_axe":1,"minecraft:stone_sword":1,"minecraft:iron_block":3,"minecraft:iron_shovel":1,"minecraft:iron_leggings":1,"minecraft:anvil":1,"minecraft:torch":212,"minecraft:shears":2,"minecraft:diamond_chestplate":1},"minecraft:dropped":{"minecraft:iron_ingot":28,"minecraft:wheat_seeds":195,"minecraft:ominous_bottle":1,"minecraft:oak_log":24,"minecraft:baked_potato":32,"minecraft:diamond":39,"minecraft:feather":2,"minecraft:diamond_leggings":1,"minecraft:poisonous_potato":2,"minecraft:crossbow":7,"minecraft:cobblestone":26,"minecraft:copper_ingot":1,"minecraft:leather_helmet":2,"minecraft:dirt":2,"minecraft:dark_oak_fence":13,"minecraft:crimson_roots":1,"minecraft:wooden_axe":2,"minecraft:diamond_helmet":2,"minecraft:sand":2,"minecraft:string":31,"minecraft:white_wool":3,"minecraft:bone":11,"minecraft:dandelion":8,"minecraft:gravel":1,"minecraft:stone_sword":1,"minecraft:cobbled_deepslate":2,"minecraft:tuff":28,"minecraft:wheat":10,"minecraft:rotten_flesh":42,"minecraft:azure_bluet":1,"minecraft:diamond_sword":1,"minecraft:poppy":1,"minecraft:gunpowder":4,"minecraft:diamond_chestplate":1,"minecraft:spider_eye":7,"minecraft:diamond_boots":1,"minecraft:wooden_pickaxe":1,"minecraft:bow":2,"minecraft:arrow":3,"minecraft:stone_pickaxe":2,"minecraft:raw_gold":2},"minecraft:picked_up":{"minecraft:wooden_axe":1,"minecraft:crafting_table":16,"minecraft:wheat":170,"minecraft:azure_bluet":2,"minecraft:ominous_bottle":23,"minecraft:chicken":4,"minecraft:anvil":3,"minecraft:diamond_sword":1,"minecraft:string":33,"minecraft:iron_axe":2,"minecraft:white_carpet":9,"minecraft:iron_shovel":1,"minecraft:pufferfish":3,"minecraft:diamond_leggings":1,"minecraft:cobbled_deepslate":318,"minecraft:detector_rail":1,"minecraft:beef":64,"minecraft:oak_boat":13,"minecraft:poppy":4,"minecraft:chest":3,"minecraft:sugar_cane":287,"minecraft:furnace":12,"minecraft:egg":2,"minecraft:stick":1,"minecraft:raw_iron":144,"minecraft:sandstone":7,"minecraft:oak_door":2,"minecraft:copper_ingot":2,"minecraft:torch":47,"minecraft:porkchop":10,"minecraft:diorite":23,"minecraft:carrot":241,"minecraft:redstone":37,"minecraft:rotten_flesh":43,"minecraft:arrow":16,"minecraft:diamond_chestplate":1,"minecraft:shears":1,"minecraft:diamond_boots":1,"minecraft:hay_block":9,"minecraft:obsidian":11,"minecraft:mutton":24,"minecraft:cod":10,"minecraft:white_wool":17,"minecraft:cobblestone":606,"minecraft:enchanting_table":1,"minecraft:feather":4,"minecraft:salmon":6,"minecraft:andesite":19,"minecraft:cut_sandstone":2,"minecraft:leather":38,"minecraft:potato":293,"minecraft:flint":2,"minecraft:tuff":28,"minecraft:oak_log":103,"minecraft:golden_boots":1,"minecraft:nether_wart_block":1,"minecraft:gunpowder":4,"minecraft:lapis_lazuli":53,"minecraft:dirt":1745,"minecraft:white_banner":17,"minecraft:polished_granite":3,"minecraft:name_tag":2,"minecraft:bone":19,"minecraft:bow":3,"minecraft:wheat_seeds":587,"minecraft:raw_gold":12,"minecraft:heart_of_the_sea":1,"minecraft:stone_pickaxe":1,"minecraft:iron_ingot":18,"minecraft:diamond_helmet":1,"minecraft:mossy_stone_bricks":1,"minecraft:oak_planks":2,"minecraft:cooked_porkchop":3,"minecraft:chiseled_stone_bricks":2,"minecraft:dandelion":8,"minecraft:poisonous_potato":2,"minecraft:gravel":22,"minecraft:sand":25,"minecraft:white_bed":4,"minecraft:grass_block":1,"minecraft:spider_eye":3,"minecraft:leather_helmet":1,"minecraft:iron_hoe":1,"minecraft:diamond":81,"minecraft:stone_axe":1,"minecraft:short_grass":4,"minecraft:granite":42,"minecraft:crossbow":18,"minecraft:oak_sapling":2,"minecraft:baked_potato":71,"minecraft:oak_leaves":346,"minecraft:melon_seeds":8,"minecraft:dark_oak_fence":170,"minecraft:coal":475,"minecraft:crimson_roots":2},"minecraft:broken":{"minecraft:golden_boots":1,"minecraft:shears":1,"minecraft:diamond_shovel":1,"minecraft:iron_axe":1,"minecraft:iron_sword":1,"minecraft:iron_pickaxe":1},"minecraft:custom":{"minecraft:mob_kills":237,"minecraft:interact_with_anvil":6,"minecraft:animals_bred":58,"minecraft:interact_with_crafting_table":78,"minecraft:bell_ring":4,"minecraft:leave_game":7,"minecraft:time_since_death":346580,"minecraft:sprint_one_cm":960925,"minecraft:walk_one_cm":854687,"minecraft:damage_blocked_by_shield":2213,"minecraft:drop":128,"minecraft:play_time":346580,"minecraft:sneak_time":38813,"minecraft:walk_under_water_one_cm":39692,"minecraft:boat_one_cm":564980,"minecraft:jump":9575,"minecraft:interact_with_blast_furnace":3,"minecraft:walk_on_water_one_cm":35505,"minecraft:total_world_time":346580,"minecraft:interact_with_furnace":151,"minecraft:raid_trigger":1,"minecraft:sleep_in_bed":7,"minecraft:time_since_rest":46617,"minecraft:damage_taken":4408,"minecraft:damage_dealt":43918,"minecraft:swim_one_cm":96821,"minecraft:fly_one_cm":2034644,"minecraft:open_chest":345,"minecraft:crouch_one_cm":175623,"minecraft:interact_with_smoker":22,"minecraft:fish_caught":19,"minecraft:fall_one_cm":253286,"minecraft:horse_one_cm":117},"minecraft:killed":{"minecraft:cave_spider":6,"minecraft:spider":3,"minecraft:skeleton":15,"minecraft:horse":3,"minecraft:chicken":4,"minecraft:drowned":7,"minecraft:piglin":1,"minecraft:zombie_villager":1,"minecraft:pig":6,"minecraft:iron_golem":1,"minecraft:creeper":3,"minecraft:sheep":15,"minecraft:pillager":109,"minecraft:zombie":26,"minecraft:enderman":1,"minecraft:cow":33},"minecraft:mined":{"minecraft:tuff":20,"minecraft:white_bed":4,"minecraft:deepslate_diamond_ore":55,"minecraft:obsidian":9,"minecraft:granite":42,"minecraft:dark_oak_fence":173,"minecraft:grass_block":1442,"minecraft:sandstone":7,"minecraft:chiseled_stone_bricks":2,"minecraft:spawner":4,"minecraft:hay_block":9,"minecraft:tall_seagrass":1,"minecraft:furnace":12,"minecraft:carrots":61,"minecraft:iron_ore":123,"minecraft:cobbled_deepslate":2,"minecraft:suspicious_sand":2,"minecraft:andesite":19,"minecraft:deepslate_lapis_ore":6,"minecraft:anvil":3,"minecraft:azure_bluet":1,"minecraft:potatoes":78,"minecraft:deepslate_iron_ore":21,"minecraft:stone":440,"minecraft:deepslate_redstone_ore":8,"minecraft:cut_sandstone":2,"minecraft:melon_stem":7,"minecraft:dandelion":7,"minecraft:polished_granite":3,"minecraft:crafting_table":16,"minecraft:torch":16,"minecraft:short_grass":406,"minecraft:poppy":1,"minecraft:chest":3,"minecraft:tall_grass":52,"minecraft:cobblestone":36,"minecraft:lapis_ore":3,"minecraft:sugar_cane":196,"minecraft:oak_planks":2,"minecraft:diorite":23,"minecraft:wall_torch":3,"minecraft:nether_wart_block":1,"minecraft:wheat":213,"minecraft:white_carpet":7,"minecraft:birch_leaves":1,"minecraft:white_wall_banner":1,"minecraft:coal_ore":236,"minecraft:oak_log":57,"minecraft:gravel":24,"minecraft:sand":28,"minecraft:dirt":260,"minecraft:cobweb":23,"minecraft:mossy_stone_bricks":1,"minecraft:gold_ore":12,"minecraft:oak_leaves":351,"minecraft:deepslate":186}},"DataVersion":3953}