{"stats":{"minecraft:dropped":{"minecraft:iron_ingot":28,"minecraft:wheat_seeds":3,"minecraft:oak_log":2,"minecraft:crossbow":4,"minecraft:feather":2,"minecraft:cobblestone":23,"minecraft:leather_helmet":2,"minecraft:dirt":2,"minecraft:dark_oak_fence":12,"minecraft:crimson_roots":1,"minecraft:wooden_axe":2,"minecraft:string":29,"minecraft:white_wool":3,"minecraft:bone":11,"minecraft:gravel":1,"minecraft:stone_sword":1,"minecraft:cobbled_deepslate":2,"minecraft:tuff":28,"minecraft:wheat":10,"minecraft:rotten_flesh":26,"minecraft:gunpowder":4,"minecraft:spider_eye":3,"minecraft:arrow":2,"minecraft:bow":2,"minecraft:stone_pickaxe":2,"minecraft:wooden_pickaxe":1,"minecraft:raw_gold":2},"minecraft:killed":{"minecraft:cave_spider":6,"minecraft:spider":2,"minecraft:skeleton":8,"minecraft:chicken":4,"minecraft:piglin":1,"minecraft:pig":6,"minecraft:zombie_villager":1,"minecraft:iron_golem":1,"minecraft:creeper":3,"minecraft:sheep":2,"minecraft:pillager":57,"minecraft:zombie":19,"minecraft:cow":13},"minecraft:custom":{"minecraft:interact_with_anvil":1,"minecraft:mob_kills":124,"minecraft:interact_with_crafting_table":35,"minecraft:time_since_death":89964,"minecraft:sprint_one_cm":260165,"minecraft:walk_one_cm":205026,"minecraft:damage_blocked_by_shield":1593,"minecraft:drop":81,"minecraft:play_time":89964,"minecraft:sneak_time":14523,"minecraft:walk_under_water_one_cm":1954,"minecraft:jump":2562,"minecraft:walk_on_water_one_cm":2831,"minecraft:total_world_time":89964,"minecraft:interact_with_furnace":137,"minecraft:time_since_rest":19962,"minecraft:damage_taken":1955,"minecraft:damage_dealt":22953,"minecraft:swim_one_cm":3373,"minecraft:fly_one_cm":436752,"minecraft:open_chest":15,"minecraft:crouch_one_cm":56459,"minecraft:fall_one_cm":62256},"minecraft:broken":{"minecraft:iron_sword":1,"minecraft:iron_pickaxe":1},"minecraft:used":{"minecraft:stone_sword":35,"minecraft:flint_and_steel":1,"minecraft:poppy":2,"minecraft:chest":1,"minecraft:shield":55,"minecraft:iron_sword":234,"minecraft:rotten_flesh":4,"minecraft:cooked_chicken":4,"minecraft:torch":139,"minecraft:dirt":9,"minecraft:anvil":2,"minecraft:carrot":5,"minecraft:granite":32,"minecraft:obsidian":4,"minecraft:iron_hoe":42,"minecraft:wooden_axe":23,"minecraft:iron_axe":147,"minecraft:crimson_roots":1,"minecraft:bow":4,"minecraft:ominous_bottle":1,"minecraft:oak_sapling":1,"minecraft:furnace":10,"minecraft:cooked_beef":11,"minecraft:potato":5,"minecraft:cobbled_deepslate":108,"minecraft:wheat_seeds":4,"minecraft:cooked_mutton":4,"minecraft:diorite":4,"minecraft:stone_pickaxe":113,"minecraft:oak_planks":2,"minecraft:wooden_pickaxe":23,"minecraft:crafting_table":11,"minecraft:crossbow":4,"minecraft:white_bed":2,"minecraft:diamond_pickaxe":201,"minecraft:bread":6,"minecraft:iron_pickaxe":250,"minecraft:gravel":2,"minecraft:nether_wart_block":1,"minecraft:cobblestone":43,"minecraft:cooked_porkchop":10,"minecraft:dark_oak_fence":5,"minecraft:andesite":3},"minecraft:mined":{"minecraft:tuff":20,"minecraft:white_bed":2,"minecraft:deepslate_diamond_ore":48,"minecraft:obsidian":6,"minecraft:granite":32,"minecraft:dark_oak_fence":20,"minecraft:grass_block":10,"minecraft:spawner":4,"minecraft:furnace":8,"minecraft:iron_ore":118,"minecraft:cobbled_deepslate":1,"minecraft:andesite":3,"minecraft:anvil":1,"minecraft:deepslate_iron_ore":2,"minecraft:stone":87,"minecraft:crafting_table":10,"minecraft:torch":1,"minecraft:short_grass":40,"minecraft:cobblestone":20,"minecraft:diorite":4,"minecraft:wall_torch":2,"minecraft:nether_wart_block":1,"minecraft:oak_log":27,"minecraft:coal_ore":109,"minecraft:gravel":4,"minecraft:cobweb":23,"minecraft:gold_ore":2,"minecraft:oak_leaves":3,"minecraft:deepslate":107},"minecraft:crafted":{"minecraft:oak_planks":76,"minecraft:cooked_chicken":4,"minecraft:furnace":2,"minecraft:cooked_mutton":4,"minecraft:flint_and_steel":1,"minecraft:diamond_helmet":1,"minecraft:iron_boots":1,"minecraft:bow":1,"minecraft:iron_axe":1,"minecraft:iron_hoe":1,"minecraft:stone_pickaxe":1,"minecraft:chest":1,"minecraft:cooked_beef":25,"minecraft:crossbow":2,"minecraft:diamond_sword":1,"minecraft:cooked_porkchop":10,"minecraft:crafting_table":1,"minecraft:wooden_pickaxe":1,"minecraft:iron_sword":1,"minecraft:leather_helmet":1,"minecraft:air":0,"minecraft:iron_chestplate":1,"minecraft:diamond_pickaxe":1,"minecraft:shield":1,"minecraft:stick":80,"minecraft:iron_ingot":120,"minecraft:iron_pickaxe":1,"minecraft:wooden_axe":1,"minecraft:iron_block":3,"minecraft:stone_sword":1,"minecraft:iron_leggings":1,"minecraft:anvil":1,"minecraft:torch":212},"minecraft:picked_up":{"minecraft:wooden_axe":1,"minecraft:crafting_table":10,"minecraft:wheat":5,"minecraft:ominous_bottle":4,"minecraft:chicken":4,"minecraft:anvil":1,"minecraft:string":29,"minecraft:cobbled_deepslate":110,"minecraft:beef":25,"minecraft:poppy":2,"minecraft:furnace":8,"minecraft:raw_iron":120,"minecraft:stick":1,"minecraft:torch":3,"minecraft:porkchop":10,"minecraft:diorite":4,"minecraft:arrow":9,"minecraft:rotten_flesh":30,"minecraft:mutton":4,"minecraft:obsidian":6,"minecraft:white_wool":3,"minecraft:cobblestone":130,"minecraft:feather":2,"minecraft:andesite":3,"minecraft:leather":12,"minecraft:flint":1,"minecraft:tuff":28,"minecraft:oak_log":31,"minecraft:nether_wart_block":1,"minecraft:gunpowder":4,"minecraft:dirt":11,"minecraft:white_banner":4,"minecraft:bone":11,"minecraft:bow":3,"minecraft:wheat_seeds":7,"minecraft:raw_gold":2,"minecraft:iron_ingot":3,"minecraft:stone_pickaxe":1,"minecraft:gravel":3,"minecraft:white_bed":2,"minecraft:spider_eye":3,"minecraft:leather_helmet":1,"minecraft:diamond":48,"minecraft:crossbow":7,"minecraft:granite":32,"minecraft:oak_sapling":1,"minecraft:dark_oak_fence":17,"minecraft:coal":204,"minecraft:crimson_roots":2}},"DataVersion":3953}