{"stats":{"minecraft:broken":{"minecraft:stone_pickaxe":1,"minecraft:stone_shovel":2},"minecraft:custom":{"minecraft:interact_with_furnace":2,"minecraft:mob_kills":10,"minecraft:traded_with_villager":16,"minecraft:interact_with_crafting_table":18,"minecraft:leave_game":4,"minecraft:time_since_death":50214,"minecraft:sleep_in_bed":1,"minecraft:time_since_rest":2049,"minecraft:sprint_one_cm":159900,"minecraft:damage_taken":724,"minecraft:walk_one_cm":136294,"minecraft:drop":12,"minecraft:damage_dealt":2821,"minecraft:swim_one_cm":26315,"minecraft:talked_to_villager":9,"minecraft:fly_one_cm":327767,"minecraft:open_chest":29,"minecraft:crouch_one_cm":22290,"minecraft:play_time":73434,"minecraft:deaths":1,"minecraft:sneak_time":9135,"minecraft:walk_under_water_one_cm":38119,"minecraft:boat_one_cm":26609,"minecraft:jump":1369,"minecraft:walk_on_water_one_cm":27610,"minecraft:total_world_time":73434,"minecraft:fall_one_cm":31660},"minecraft:mined":{"minecraft:spruce_planks":4,"minecraft:white_bed":25,"minecraft:snow_block":7,"minecraft:spruce_door":3,"minecraft:crafting_table":4,"minecraft:granite":26,"minecraft:short_grass":10,"minecraft:grass_block":88,"minecraft:lectern":1,"minecraft:cobblestone":30,"minecraft:tall_grass":2,"minecraft:spruce_leaves":52,"minecraft:wall_torch":1,"minecraft:diorite":14,"minecraft:blue_bed":6,"minecraft:hay_block":19,"minecraft:spruce_stairs":18,"minecraft:magma_block":8,"minecraft:furnace":1,"minecraft:snow":14,"minecraft:ice":7,"minecraft:spruce_log":12,"minecraft:fletching_table":4,"minecraft:yellow_bed":2,"minecraft:bookshelf":11,"minecraft:coal_ore":25,"minecraft:oak_log":18,"minecraft:cobblestone_slab":2,"minecraft:dirt_path":41,"minecraft:lantern":1,"minecraft:gravel":1,"minecraft:dirt":322,"minecraft:packed_ice":11,"minecraft:stone":431,"minecraft:stone_bricks":1},"minecraft:killed_by":{"minecraft:iron_golem":1},"minecraft:crafted":{"minecraft:oak_planks":72,"minecraft:wooden_shovel":1,"minecraft:cobblestone_slab":60,"minecraft:stone_shovel":4,"minecraft:emerald":16,"minecraft:crafting_table":4,"minecraft:spruce_planks":816,"minecraft:wooden_pickaxe":1,"minecraft:diamond_shovel":1,"minecraft:stone_axe":1,"minecraft:bread":57,"minecraft:oak_boat":1,"minecraft:diamond_helmet":1,"minecraft:diamond_leggings":1,"minecraft:diamond_pickaxe":1,"minecraft:stick":1448,"minecraft:stone_pickaxe":2,"minecraft:stone_sword":1,"minecraft:chest":4,"minecraft:diamond_boots":1,"minecraft:torch":88,"minecraft:stone_hoe":1,"minecraft:diamond_chestplate":1,"minecraft:wheat":171},"minecraft:dropped":{"minecraft:gravel":1,"minecraft:wheat_seeds":3,"minecraft:cobblestone":1,"minecraft:rotten_flesh":1,"minecraft:spruce_stairs":14,"minecraft:poppy":2,"minecraft:snowball":8,"minecraft:wooden_shovel":1,"minecraft:stone_pickaxe":1,"minecraft:wooden_pickaxe":1},"minecraft:killed":{"minecraft:pig":5,"minecraft:iron_golem":2,"minecraft:zombie":1,"minecraft:drowned":1},"minecraft:used":{"minecraft:diamond_boots":1,"minecraft:diorite":4,"minecraft:stone_sword":12,"minecraft:spruce_door":3,"minecraft:stone_shovel":441,"minecraft:stone_pickaxe":254,"minecraft:spruce_planks":27,"minecraft:chest":4,"minecraft:wooden_pickaxe":9,"minecraft:iron_sword":31,"minecraft:fletching_table":4,"minecraft:bell":1,"minecraft:cobblestone_slab":21,"minecraft:wooden_shovel":6,"minecraft:blue_bed":6,"minecraft:stone_hoe":46,"minecraft:torch":27,"minecraft:dirt":450,"minecraft:crafting_table":8,"minecraft:spruce_stairs":4,"minecraft:white_bed":25,"minecraft:snowball":4,"minecraft:diamond_pickaxe":303,"minecraft:diamond_shovel":2,"minecraft:villager_spawn_egg":16,"minecraft:lantern":2,"minecraft:bread":20,"minecraft:stone_bricks":1,"minecraft:stone_axe":71,"minecraft:cobblestone":224,"minecraft:furnace":1,"minecraft:oak_boat":1,"minecraft:yellow_bed":2},"minecraft:picked_up":{"minecraft:magma_block":8,"minecraft:crafting_table":4,"minecraft:oak_log":18,"minecraft:yellow_bed":3,"minecraft:dirt":737,"minecraft:blue_bed":6,"minecraft:lantern":2,"minecraft:stone_bricks":2,"minecraft:wheat_seeds":4,"minecraft:cobblestone_slab":2,"minecraft:bell":2,"minecraft:spruce_planks":53,"minecraft:iron_ingot":8,"minecraft:stone_pickaxe":1,"minecraft:oak_boat":2,"minecraft:poppy":2,"minecraft:fletching_table":5,"minecraft:lectern":1,"minecraft:oak_planks":51,"minecraft:iron_sword":1,"minecraft:stone_hoe":1,"minecraft:furnace":1,"minecraft:book":33,"minecraft:stick":1,"minecraft:torch":5,"minecraft:spruce_stairs":48,"minecraft:gravel":1,"minecraft:porkchop":18,"minecraft:diorite":4,"minecraft:white_bed":25,"minecraft:spruce_log":12,"minecraft:spruce_door":3,"minecraft:rotten_flesh":1,"minecraft:stone_axe":1,"minecraft:hay_block":19,"minecraft:granite":4,"minecraft:bread":49,"minecraft:obsidian":12,"minecraft:coal":25,"minecraft:snowball":89,"minecraft:cobblestone":384}},"DataVersion":3953}