{"stats":{"minecraft:dropped":{"minecraft:wheat_seeds":2,"minecraft:rotten_flesh":1,"minecraft:wooden_shovel":1,"minecraft:wooden_pickaxe":1},"minecraft:killed":{"minecraft:pig":5,"minecraft:iron_golem":1,"minecraft:zombie":1},"minecraft:custom":{"minecraft:interact_with_furnace":1,"minecraft:mob_kills":8,"minecraft:interact_with_crafting_table":8,"minecraft:leave_game":1,"minecraft:time_since_death":2873,"minecraft:sleep_in_bed":1,"minecraft:time_since_rest":2944,"minecraft:sprint_one_cm":70696,"minecraft:damage_taken":454,"minecraft:walk_one_cm":38516,"minecraft:drop":5,"minecraft:damage_dealt":1724,"minecraft:swim_one_cm":1852,"minecraft:fly_one_cm":153497,"minecraft:open_chest":6,"minecraft:crouch_one_cm":9873,"minecraft:play_time":26093,"minecraft:deaths":1,"minecraft:sneak_time":3542,"minecraft:walk_under_water_one_cm":2830,"minecraft:boat_one_cm":26609,"minecraft:jump":614,"minecraft:walk_on_water_one_cm":6651,"minecraft:total_world_time":26093,"minecraft:fall_one_cm":17491},"minecraft:killed_by":{"minecraft:iron_golem":1},"minecraft:broken":{"minecraft:stone_shovel":2},"minecraft:used":{"minecraft:stone_sword":12,"minecraft:stone_shovel":331,"minecraft:stone_pickaxe":17,"minecraft:wooden_pickaxe":9,"minecraft:iron_sword":16,"minecraft:blue_bed":2,"minecraft:wooden_shovel":6,"minecraft:stone_hoe":46,"minecraft:dirt":48,"minecraft:crafting_table":5,"minecraft:white_bed":3,"minecraft:bread":9,"minecraft:stone_axe":48,"minecraft:yellow_bed":1,"minecraft:oak_boat":1},"minecraft:mined":{"minecraft:spruce_planks":1,"minecraft:white_bed":4,"minecraft:snow_block":7,"minecraft:crafting_table":4,"minecraft:short_grass":10,"minecraft:grass_block":51,"minecraft:tall_grass":2,"minecraft:cobblestone":2,"minecraft:spruce_leaves":48,"minecraft:blue_bed":2,"minecraft:hay_block":19,"minecraft:spruce_stairs":16,"minecraft:snow":7,"minecraft:ice":1,"minecraft:spruce_log":12,"minecraft:fletching_table":1,"minecraft:yellow_bed":1,"minecraft:oak_log":18,"minecraft:dirt_path":41,"minecraft:dirt":239,"minecraft:packed_ice":11,"minecraft:stone":11,"minecraft:stone_bricks":1},"minecraft:crafted":{"minecraft:oak_planks":72,"minecraft:wooden_shovel":1,"minecraft:stone_shovel":3,"minecraft:crafting_table":1,"minecraft:spruce_planks":48,"minecraft:wooden_pickaxe":1,"minecraft:stone_axe":1,"minecraft:bread":57,"minecraft:oak_boat":1,"minecraft:stick":16,"minecraft:stone_pickaxe":1,"minecraft:stone_sword":1,"minecraft:stone_hoe":1,"minecraft:wheat":171},"minecraft:picked_up":{"minecraft:crafting_table":4,"minecraft:oak_log":18,"minecraft:yellow_bed":2,"minecraft:blue_bed":2,"minecraft:dirt":617,"minecraft:stone_bricks":2,"minecraft:wheat_seeds":4,"minecraft:bell":2,"minecraft:spruce_planks":50,"minecraft:iron_ingot":4,"minecraft:stone_pickaxe":1,"minecraft:oak_boat":2,"minecraft:poppy":2,"minecraft:fletching_table":2,"minecraft:oak_planks":51,"minecraft:stone_hoe":1,"minecraft:iron_sword":1,"minecraft:stick":1,"minecraft:torch":2,"minecraft:spruce_stairs":32,"minecraft:porkchop":18,"minecraft:white_bed":4,"minecraft:spruce_log":12,"minecraft:rotten_flesh":1,"minecraft:stone_axe":1,"minecraft:hay_block":19,"minecraft:bread":49,"minecraft:obsidian":12,"minecraft:snowball":74,"minecraft:cobblestone":13}},"DataVersion":3953}