{"stats":{"minecraft:dropped":{"minecraft:wooden_pickaxe":1,"minecraft:wooden_shovel":1},"minecraft:custom":{"minecraft:time_since_rest":2107,"minecraft:crouch_one_cm":332,"minecraft:play_time":2107,"minecraft:sprint_one_cm":4143,"minecraft:damage_taken":10,"minecraft:walk_one_cm":1737,"minecraft:sneak_time":458,"minecraft:drop":2,"minecraft:jump":43,"minecraft:leave_game":1,"minecraft:time_since_death":2107,"minecraft:total_world_time":2107,"minecraft:fall_one_cm":811,"minecraft:interact_with_crafting_table":2,"minecraft:fly_one_cm":8480},"minecraft:mined":{"minecraft:grass_block":1,"minecraft:oak_log":6,"minecraft:dirt":5,"minecraft:stone":9,"minecraft:crafting_table":1},"minecraft:used":{"minecraft:stone_axe":1,"minecraft:dirt":6,"minecraft:crafting_table":1,"minecraft:wooden_pickaxe":9,"minecraft:wooden_shovel":6},"minecraft:picked_up":{"minecraft:crafting_table":1,"minecraft:oak_log":6,"minecraft:dirt":6,"minecraft:cobblestone":9},"minecraft:crafted":{"minecraft:stone_sword":1,"minecraft:oak_planks":24,"minecraft:wooden_shovel":1,"minecraft:stone_shovel":1,"minecraft:stone_axe":1,"minecraft:crafting_table":1,"minecraft:stick":12,"minecraft:stone_pickaxe":1,"minecraft:wooden_pickaxe":1}},"DataVersion":3953}