{"stats":{"minecraft:broken":{"minecraft:stone_pickaxe":1,"minecraft:stone_axe":1,"minecraft:stone_shovel":2},"minecraft:custom":{"minecraft:interact_with_smithing_table":1,"minecraft:mob_kills":10,"minecraft:interact_with_crafting_table":39,"minecraft:leave_game":5,"minecraft:time_since_death":120874,"minecraft:sprint_one_cm":253696,"minecraft:walk_one_cm":230880,"minecraft:drop":82,"minecraft:talked_to_villager":516,"minecraft:play_time":144094,"minecraft:deaths":1,"minecraft:sneak_time":12485,"minecraft:walk_under_water_one_cm":44413,"minecraft:boat_one_cm":26609,"minecraft:jump":1898,"minecraft:walk_on_water_one_cm":31151,"minecraft:enchant_item":4,"minecraft:total_world_time":144094,"minecraft:interact_with_furnace":2,"minecraft:traded_with_villager":409,"minecraft:interact_with_grindstone":2,"minecraft:sleep_in_bed":6,"minecraft:time_since_rest":1744,"minecraft:damage_taken":844,"minecraft:damage_dealt":2831,"minecraft:fly_one_cm":407195,"minecraft:swim_one_cm":47162,"minecraft:open_chest":82,"minecraft:crouch_one_cm":65504,"minecraft:fall_one_cm":36973},"minecraft:mined":{"minecraft:spruce_planks":14,"minecraft:white_bed":25,"minecraft:granite":37,"minecraft:grass_block":88,"minecraft:spruce_leaves":52,"minecraft:hay_block":19,"minecraft:magma_block":8,"minecraft:furnace":4,"minecraft:snow":14,"minecraft:fletching_table":4,"minecraft:enchanting_table":1,"minecraft:bookshelf":27,"minecraft:dirt_path":41,"minecraft:cobblestone_slab":6,"minecraft:lantern":1,"minecraft:packed_ice":11,"minecraft:stone":556,"minecraft:spruce_slab":1,"minecraft:snow_block":7,"minecraft:spruce_door":3,"minecraft:crafting_table":4,"minecraft:short_grass":10,"minecraft:blast_furnace":3,"minecraft:lectern":201,"minecraft:cobblestone":51,"minecraft:tall_grass":2,"minecraft:copper_ore":1,"minecraft:lapis_ore":14,"minecraft:grindstone":2,"minecraft:wall_torch":2,"minecraft:blue_bed":6,"minecraft:diorite":103,"minecraft:spruce_stairs":18,"minecraft:ice":7,"minecraft:spruce_log":12,"minecraft:yellow_bed":2,"minecraft:oak_log":18,"minecraft:coal_ore":25,"minecraft:gravel":52,"minecraft:dirt":328,"minecraft:stone_bricks":1},"minecraft:killed_by":{"minecraft:iron_golem":1},"minecraft:crafted":{"minecraft:oak_planks":72,"minecraft:chainmail_helmet":12,"minecraft:cobblestone_slab":60,"minecraft:stone_shovel":4,"minecraft:diamond_shovel":1,"minecraft:bookshelf":38,"minecraft:diamond_leggings":1,"minecraft:diamond_helmet":1,"minecraft:iron_boots":10,"minecraft:spruce_slab":30,"minecraft:stone_pickaxe":2,"minecraft:chest":6,"minecraft:diamond_boots":1,"minecraft:stone_hoe":13,"minecraft:wheat":171,"minecraft:wooden_shovel":1,"minecraft:diamond_sword":1,"minecraft:emerald":354,"minecraft:diamond_axe":1,"minecraft:crafting_table":4,"minecraft:spruce_planks":4912,"minecraft:enchanting_table":1,"minecraft:wooden_pickaxe":1,"minecraft:smithing_table":1,"minecraft:fletching_table":3,"minecraft:stone_axe":1,"minecraft:enchanted_book":7,"minecraft:bread":57,"minecraft:oak_boat":1,"minecraft:lectern":6,"minecraft:diamond_pickaxe":2,"minecraft:stick":9313,"minecraft:stone_sword":1,"minecraft:torch":88,"minecraft:diamond_chestplate":1},"minecraft:dropped":{"minecraft:stone_hoe":12,"minecraft:wheat_seeds":3,"minecraft:cobblestone":1,"minecraft:spruce_stairs":14,"minecraft:chainmail_helmet":24,"minecraft:diorite":18,"minecraft:snowball":64,"minecraft:gravel":1,"minecraft:rotten_flesh":1,"minecraft:iron_boots":26,"minecraft:diamond_shovel":1,"minecraft:poppy":2,"minecraft:cobblestone_slab":25,"minecraft:diamond_pickaxe":1,"minecraft:wooden_shovel":1,"minecraft:wooden_pickaxe":1,"minecraft:stone_pickaxe":1},"minecraft:killed":{"minecraft:drowned":1,"minecraft:pig":5,"minecraft:iron_golem":2,"minecraft:zombie":1},"minecraft:used":{"minecraft:enchanting_table":2,"minecraft:stone_sword":12,"minecraft:spruce_slab":3,"minecraft:stone_shovel":441,"minecraft:spruce_planks":27,"minecraft:chest":6,"minecraft:iron_sword":31,"minecraft:wooden_shovel":6,"minecraft:bell":1,"minecraft:stone_hoe":46,"minecraft:torch":35,"minecraft:dirt":454,"minecraft:spruce_stairs":4,"minecraft:snowball":4,"minecraft:bookshelf":32,"minecraft:villager_spawn_egg":16,"minecraft:lantern":2,"minecraft:stone_bricks":1,"minecraft:diamond_chestplate":1,"minecraft:furnace":4,"minecraft:diorite":8,"minecraft:diamond_boots":1,"minecraft:spruce_door":3,"minecraft:stone_pickaxe":254,"minecraft:wooden_pickaxe":9,"minecraft:fletching_table":7,"minecraft:blue_bed":6,"minecraft:diamond_axe":168,"minecraft:cobblestone_slab":47,"minecraft:crafting_table":8,"minecraft:blast_furnace":3,"minecraft:white_bed":25,"minecraft:diamond_pickaxe":580,"minecraft:diamond_shovel":54,"minecraft:bread":28,"minecraft:lectern":207,"minecraft:gravel":24,"minecraft:stone_axe":132,"minecraft:cobblestone":281,"minecraft:grindstone":2,"minecraft:smithing_table":1,"minecraft:yellow_bed":2,"minecraft:oak_boat":1},"minecraft:picked_up":{"minecraft:crafting_table":4,"minecraft:raw_copper":3,"minecraft:spruce_planks":71,"minecraft:oak_boat":2,"minecraft:cobblestone_slab":31,"minecraft:poppy":2,"minecraft:spruce_slab":1,"minecraft:lectern":201,"minecraft:iron_boots":16,"minecraft:furnace":4,"minecraft:stick":4,"minecraft:torch":9,"minecraft:spruce_stairs":48,"minecraft:porkchop":18,"minecraft:diorite":111,"minecraft:rotten_flesh":1,"minecraft:hay_block":19,"minecraft:obsidian":12,"minecraft:snowball":129,"minecraft:cobblestone":530,"minecraft:enchanting_table":1,"minecraft:magma_block":8,"minecraft:flint":6,"minecraft:oak_log":18,"minecraft:yellow_bed":3,"minecraft:blue_bed":6,"minecraft:lapis_lazuli":98,"minecraft:dirt":742,"minecraft:lantern":2,"minecraft:stone_bricks":2,"minecraft:wheat_seeds":4,"minecraft:bell":2,"minecraft:iron_ingot":8,"minecraft:grindstone":2,"minecraft:stone_pickaxe":1,"minecraft:fletching_table":5,"minecraft:stone_hoe":1,"minecraft:iron_sword":1,"minecraft:oak_planks":51,"minecraft:book":81,"minecraft:gravel":45,"minecraft:blast_furnace":3,"minecraft:white_bed":25,"minecraft:spruce_log":12,"minecraft:spruce_door":3,"minecraft:diamond_shovel":1,"minecraft:stone_axe":1,"minecraft:granite":14,"minecraft:bread":49,"minecraft:chainmail_helmet":12,"minecraft:coal":25,"minecraft:diamond_pickaxe":1}},"DataVersion":3953}