{"stats":{"minecraft:broken":{"minecraft:stone_pickaxe":1,"minecraft:stone_shovel":2},"minecraft:custom":{"minecraft:interact_with_furnace":2,"minecraft:mob_kills":9,"minecraft:interact_with_crafting_table":14,"minecraft:leave_game":4,"minecraft:time_since_death":38214,"minecraft:sleep_in_bed":1,"minecraft:time_since_rest":27753,"minecraft:sprint_one_cm":143968,"minecraft:damage_taken":724,"minecraft:walk_one_cm":98379,"minecraft:drop":10,"minecraft:damage_dealt":1931,"minecraft:swim_one_cm":21334,"minecraft:talked_to_villager":1,"minecraft:fly_one_cm":312709,"minecraft:open_chest":21,"minecraft:crouch_one_cm":18773,"minecraft:play_time":61434,"minecraft:deaths":1,"minecraft:sneak_time":8005,"minecraft:walk_under_water_one_cm":31667,"minecraft:boat_one_cm":26609,"minecraft:jump":1230,"minecraft:walk_on_water_one_cm":17319,"minecraft:total_world_time":61434,"minecraft:fall_one_cm":30913},"minecraft:mined":{"minecraft:spruce_planks":1,"minecraft:white_bed":25,"minecraft:snow_block":7,"minecraft:spruce_door":3,"minecraft:crafting_table":4,"minecraft:short_grass":10,"minecraft:grass_block":56,"minecraft:lectern":1,"minecraft:cobblestone":5,"minecraft:tall_grass":2,"minecraft:spruce_leaves":52,"minecraft:diorite":10,"minecraft:blue_bed":6,"minecraft:hay_block":19,"minecraft:spruce_stairs":18,"minecraft:magma_block":8,"minecraft:snow":7,"minecraft:ice":1,"minecraft:spruce_log":12,"minecraft:fletching_table":1,"minecraft:yellow_bed":2,"minecraft:bookshelf":11,"minecraft:coal_ore":25,"minecraft:oak_log":18,"minecraft:dirt_path":41,"minecraft:gravel":1,"minecraft:dirt":318,"minecraft:packed_ice":11,"minecraft:stone":403,"minecraft:stone_bricks":1},"minecraft:killed_by":{"minecraft:iron_golem":1},"minecraft:crafted":{"minecraft:oak_planks":72,"minecraft:wooden_shovel":1,"minecraft:cobblestone_slab":60,"minecraft:stone_shovel":4,"minecraft:crafting_table":4,"minecraft:spruce_planks":48,"minecraft:wooden_pickaxe":1,"minecraft:stone_axe":1,"minecraft:bread":57,"minecraft:oak_boat":1,"minecraft:diamond_pickaxe":1,"minecraft:stick":24,"minecraft:stone_pickaxe":2,"minecraft:stone_sword":1,"minecraft:chest":4,"minecraft:stone_hoe":1,"minecraft:wheat":171},"minecraft:dropped":{"minecraft:gravel":1,"minecraft:wheat_seeds":3,"minecraft:cobblestone":1,"minecraft:rotten_flesh":1,"minecraft:spruce_stairs":14,"minecraft:poppy":2,"minecraft:wooden_shovel":1,"minecraft:wooden_pickaxe":1},"minecraft:killed":{"minecraft:pig":5,"minecraft:iron_golem":1,"minecraft:zombie":1,"minecraft:drowned":1},"minecraft:used":{"minecraft:stone_sword":12,"minecraft:spruce_door":3,"minecraft:stone_shovel":403,"minecraft:stone_pickaxe":254,"minecraft:spruce_planks":3,"minecraft:chest":4,"minecraft:wooden_pickaxe":9,"minecraft:iron_sword":20,"minecraft:cobblestone_slab":8,"minecraft:wooden_shovel":6,"minecraft:blue_bed":6,"minecraft:stone_hoe":46,"minecraft:dirt":357,"minecraft:crafting_table":8,"minecraft:spruce_stairs":4,"minecraft:white_bed":25,"minecraft:diamond_pickaxe":210,"minecraft:villager_spawn_egg":8,"minecraft:lantern":1,"minecraft:bread":19,"minecraft:stone_bricks":1,"minecraft:stone_axe":65,"minecraft:cobblestone":65,"minecraft:oak_boat":1,"minecraft:yellow_bed":2},"minecraft:picked_up":{"minecraft:magma_block":8,"minecraft:crafting_table":4,"minecraft:oak_log":18,"minecraft:yellow_bed":3,"minecraft:dirt":701,"minecraft:blue_bed":6,"minecraft:lantern":1,"minecraft:stone_bricks":2,"minecraft:wheat_seeds":4,"minecraft:bell":2,"minecraft:spruce_planks":50,"minecraft:iron_ingot":4,"minecraft:stone_pickaxe":1,"minecraft:oak_boat":2,"minecraft:poppy":2,"minecraft:fletching_table":2,"minecraft:lectern":1,"minecraft:oak_planks":51,"minecraft:iron_sword":1,"minecraft:stone_hoe":1,"minecraft:book":33,"minecraft:stick":1,"minecraft:torch":4,"minecraft:spruce_stairs":48,"minecraft:gravel":1,"minecraft:porkchop":18,"minecraft:white_bed":25,"minecraft:spruce_log":12,"minecraft:spruce_door":3,"minecraft:rotten_flesh":1,"minecraft:stone_axe":1,"minecraft:hay_block":19,"minecraft:bread":49,"minecraft:obsidian":12,"minecraft:coal":25,"minecraft:snowball":74,"minecraft:cobblestone":325}},"DataVersion":3953}