{"stats":{"minecraft:dropped":{"minecraft:wheat_seeds":3,"minecraft:rotten_flesh":1,"minecraft:wooden_shovel":1,"minecraft:wooden_pickaxe":1},"minecraft:picked_up":{"minecraft:magma_block":8,"minecraft:crafting_table":4,"minecraft:oak_log":18,"minecraft:yellow_bed":3,"minecraft:dirt":699,"minecraft:blue_bed":6,"minecraft:lantern":1,"minecraft:stone_bricks":2,"minecraft:wheat_seeds":4,"minecraft:bell":2,"minecraft:spruce_planks":50,"minecraft:iron_ingot":4,"minecraft:stone_pickaxe":1,"minecraft:oak_boat":2,"minecraft:poppy":2,"minecraft:fletching_table":2,"minecraft:lectern":1,"minecraft:oak_planks":51,"minecraft:iron_sword":1,"minecraft:stone_hoe":1,"minecraft:book":33,"minecraft:stick":1,"minecraft:torch":4,"minecraft:spruce_stairs":34,"minecraft:porkchop":18,"minecraft:white_bed":25,"minecraft:spruce_log":12,"minecraft:spruce_door":1,"minecraft:rotten_flesh":1,"minecraft:stone_axe":1,"minecraft:hay_block":19,"minecraft:bread":49,"minecraft:obsidian":12,"minecraft:coal":25,"minecraft:snowball":74,"minecraft:cobblestone":197},"minecraft:killed":{"minecraft:pig":5,"minecraft:iron_golem":1,"minecraft:zombie":1,"minecraft:drowned":1},"minecraft:used":{"minecraft:stone_sword":12,"minecraft:stone_shovel":403,"minecraft:stone_pickaxe":240,"minecraft:spruce_planks":3,"minecraft:wooden_pickaxe":9,"minecraft:iron_sword":20,"minecraft:wooden_shovel":6,"minecraft:blue_bed":6,"minecraft:stone_hoe":46,"minecraft:dirt":357,"minecraft:crafting_table":6,"minecraft:white_bed":25,"minecraft:lantern":1,"minecraft:bread":19,"minecraft:stone_bricks":1,"minecraft:stone_axe":63,"minecraft:oak_boat":1,"minecraft:yellow_bed":2},"minecraft:mined":{"minecraft:spruce_planks":1,"minecraft:white_bed":25,"minecraft:snow_block":7,"minecraft:spruce_door":1,"minecraft:crafting_table":4,"minecraft:short_grass":10,"minecraft:grass_block":56,"minecraft:lectern":1,"minecraft:cobblestone":2,"minecraft:tall_grass":2,"minecraft:spruce_leaves":52,"minecraft:blue_bed":6,"minecraft:hay_block":19,"minecraft:spruce_stairs":18,"minecraft:magma_block":8,"minecraft:snow":7,"minecraft:ice":1,"minecraft:spruce_log":12,"minecraft:fletching_table":1,"minecraft:yellow_bed":2,"minecraft:bookshelf":11,"minecraft:coal_ore":25,"minecraft:oak_log":18,"minecraft:dirt_path":41,"minecraft:dirt":316,"minecraft:packed_ice":11,"minecraft:stone":195,"minecraft:stone_bricks":1},"minecraft:killed_by":{"minecraft:iron_golem":1},"minecraft:broken":{"minecraft:stone_pickaxe":1,"minecraft:stone_shovel":2},"minecraft:crafted":{"minecraft:oak_planks":72,"minecraft:wooden_shovel":1,"minecraft:stone_shovel":4,"minecraft:crafting_table":2,"minecraft:spruce_planks":48,"minecraft:wooden_pickaxe":1,"minecraft:stone_axe":1,"minecraft:bread":57,"minecraft:oak_boat":1,"minecraft:stick":20,"minecraft:stone_pickaxe":2,"minecraft:stone_sword":1,"minecraft:stone_hoe":1,"minecraft:wheat":171},"minecraft:custom":{"minecraft:interact_with_furnace":2,"minecraft:mob_kills":9,"minecraft:interact_with_crafting_table":10,"minecraft:leave_game":3,"minecraft:time_since_death":28291,"minecraft:sleep_in_bed":1,"minecraft:time_since_rest":17830,"minecraft:sprint_one_cm":139352,"minecraft:damage_taken":724,"minecraft:walk_one_cm":77114,"minecraft:drop":6,"minecraft:damage_dealt":1931,"minecraft:swim_one_cm":17524,"minecraft:talked_to_villager":1,"minecraft:fly_one_cm":309595,"minecraft:open_chest":8,"minecraft:crouch_one_cm":17684,"minecraft:play_time":51511,"minecraft:deaths":1,"minecraft:sneak_time":6969,"minecraft:walk_under_water_one_cm":24565,"minecraft:boat_one_cm":26609,"minecraft:jump":1176,"minecraft:walk_on_water_one_cm":11331,"minecraft:total_world_time":51511,"minecraft:fall_one_cm":30375}},"DataVersion":3953}