{"stats":{"minecraft:dropped":{"minecraft:wheat_seeds":2,"minecraft:wooden_shovel":1,"minecraft:wooden_pickaxe":1},"minecraft:killed":{"minecraft:pig":5},"minecraft:custom":{"minecraft:time_since_rest":14093,"minecraft:sprint_one_cm":35288,"minecraft:damage_taken":10,"minecraft:walk_one_cm":21999,"minecraft:mob_kills":5,"minecraft:drop":4,"minecraft:damage_dealt":500,"minecraft:interact_with_crafting_table":6,"minecraft:fly_one_cm":97251,"minecraft:open_chest":3,"minecraft:crouch_one_cm":2116,"minecraft:play_time":14093,"minecraft:sneak_time":855,"minecraft:boat_one_cm":26609,"minecraft:jump":359,"minecraft:walk_on_water_one_cm":385,"minecraft:leave_game":1,"minecraft:time_since_death":14093,"minecraft:total_world_time":14093,"minecraft:fall_one_cm":10541},"minecraft:used":{"minecraft:stone_sword":12,"minecraft:stone_shovel":50,"minecraft:bread":3,"minecraft:stone_pickaxe":13,"minecraft:wooden_pickaxe":9,"minecraft:wooden_shovel":6,"minecraft:stone_hoe":46,"minecraft:stone_axe":48,"minecraft:dirt":6,"minecraft:crafting_table":4,"minecraft:oak_boat":1},"minecraft:mined":{"minecraft:spruce_stairs":16,"minecraft:hay_block":19,"minecraft:spruce_planks":1,"minecraft:white_bed":1,"minecraft:snow":2,"minecraft:spruce_log":12,"minecraft:yellow_bed":1,"minecraft:fletching_table":1,"minecraft:crafting_table":4,"minecraft:short_grass":10,"minecraft:grass_block":10,"minecraft:oak_log":18,"minecraft:dirt_path":31,"minecraft:dirt":13,"minecraft:packed_ice":11,"minecraft:spruce_leaves":45,"minecraft:tall_grass":2,"minecraft:cobblestone":2,"minecraft:stone":9},"minecraft:crafted":{"minecraft:oak_boat":1,"minecraft:oak_planks":72,"minecraft:wooden_shovel":1,"minecraft:stone_shovel":1,"minecraft:crafting_table":1,"minecraft:spruce_planks":48,"minecraft:stick":16,"minecraft:wooden_pickaxe":1,"minecraft:stone_pickaxe":1,"minecraft:stone_sword":1,"minecraft:stone_hoe":1,"minecraft:stone_axe":1,"minecraft:bread":57,"minecraft:wheat":171},"minecraft:picked_up":{"minecraft:stick":1,"minecraft:crafting_table":4,"minecraft:torch":1,"minecraft:spruce_stairs":15,"minecraft:porkchop":9,"minecraft:oak_log":18,"minecraft:yellow_bed":1,"minecraft:white_bed":1,"minecraft:spruce_log":12,"minecraft:dirt":42,"minecraft:wheat_seeds":3,"minecraft:spruce_planks":1,"minecraft:bell":1,"minecraft:hay_block":19,"minecraft:oak_boat":1,"minecraft:fletching_table":1,"minecraft:snowball":2,"minecraft:cobblestone":11}},"DataVersion":3953}