{"stats":{"minecraft:broken":{"minecraft:stone_pickaxe":1,"minecraft:stone_shovel":2},"minecraft:custom":{"minecraft:interact_with_furnace":2,"minecraft:mob_kills":10,"minecraft:traded_with_villager":107,"minecraft:interact_with_crafting_table":19,"minecraft:leave_game":4,"minecraft:time_since_death":62214,"minecraft:sleep_in_bed":2,"minecraft:time_since_rest":1504,"minecraft:sprint_one_cm":192939,"minecraft:damage_taken":804,"minecraft:walk_one_cm":160412,"minecraft:drop":25,"minecraft:damage_dealt":2821,"minecraft:swim_one_cm":40058,"minecraft:talked_to_villager":34,"minecraft:fly_one_cm":373319,"minecraft:open_chest":39,"minecraft:crouch_one_cm":25055,"minecraft:play_time":85434,"minecraft:deaths":1,"minecraft:sneak_time":9504,"minecraft:walk_under_water_one_cm":40577,"minecraft:boat_one_cm":26609,"minecraft:jump":1566,"minecraft:walk_on_water_one_cm":29469,"minecraft:total_world_time":85434,"minecraft:fall_one_cm":36435},"minecraft:mined":{"minecraft:spruce_planks":8,"minecraft:white_bed":25,"minecraft:snow_block":7,"minecraft:spruce_door":3,"minecraft:crafting_table":4,"minecraft:granite":26,"minecraft:short_grass":10,"minecraft:blast_furnace":3,"minecraft:grass_block":88,"minecraft:lectern":2,"minecraft:cobblestone":31,"minecraft:tall_grass":2,"minecraft:spruce_leaves":52,"minecraft:grindstone":1,"minecraft:wall_torch":1,"minecraft:diorite":17,"minecraft:blue_bed":6,"minecraft:hay_block":19,"minecraft:spruce_stairs":18,"minecraft:magma_block":8,"minecraft:furnace":4,"minecraft:snow":14,"minecraft:ice":7,"minecraft:spruce_log":12,"minecraft:fletching_table":4,"minecraft:yellow_bed":2,"minecraft:bookshelf":11,"minecraft:coal_ore":25,"minecraft:oak_log":18,"minecraft:cobblestone_slab":4,"minecraft:dirt_path":41,"minecraft:lantern":1,"minecraft:gravel":51,"minecraft:dirt":326,"minecraft:packed_ice":11,"minecraft:stone":447,"minecraft:stone_bricks":1},"minecraft:killed_by":{"minecraft:iron_golem":1},"minecraft:crafted":{"minecraft:oak_planks":72,"minecraft:wooden_shovel":1,"minecraft:cobblestone_slab":60,"minecraft:stone_shovel":4,"minecraft:emerald":96,"minecraft:crafting_table":4,"minecraft:spruce_planks":1584,"minecraft:wooden_pickaxe":1,"minecraft:fletching_table":3,"minecraft:diamond_shovel":1,"minecraft:stone_axe":1,"minecraft:enchanted_book":1,"minecraft:bread":57,"minecraft:oak_boat":1,"minecraft:iron_boots":10,"minecraft:diamond_helmet":1,"minecraft:diamond_leggings":1,"minecraft:diamond_pickaxe":1,"minecraft:stick":2992,"minecraft:stone_pickaxe":2,"minecraft:stone_sword":1,"minecraft:chest":4,"minecraft:diamond_boots":1,"minecraft:torch":88,"minecraft:stone_hoe":1,"minecraft:diamond_chestplate":1,"minecraft:wheat":171},"minecraft:dropped":{"minecraft:gravel":1,"minecraft:wheat_seeds":3,"minecraft:cobblestone":1,"minecraft:rotten_flesh":1,"minecraft:iron_boots":10,"minecraft:spruce_stairs":14,"minecraft:poppy":2,"minecraft:snowball":48,"minecraft:wooden_shovel":1,"minecraft:stone_pickaxe":1,"minecraft:wooden_pickaxe":1},"minecraft:killed":{"minecraft:pig":5,"minecraft:iron_golem":2,"minecraft:zombie":1,"minecraft:drowned":1},"minecraft:used":{"minecraft:diamond_boots":1,"minecraft:diorite":4,"minecraft:stone_sword":12,"minecraft:spruce_door":3,"minecraft:stone_shovel":441,"minecraft:stone_pickaxe":254,"minecraft:spruce_planks":27,"minecraft:chest":4,"minecraft:wooden_pickaxe":9,"minecraft:iron_sword":31,"minecraft:fletching_table":7,"minecraft:bell":1,"minecraft:cobblestone_slab":38,"minecraft:wooden_shovel":6,"minecraft:blue_bed":6,"minecraft:stone_hoe":46,"minecraft:torch":30,"minecraft:dirt":453,"minecraft:blast_furnace":3,"minecraft:crafting_table":8,"minecraft:spruce_stairs":4,"minecraft:white_bed":25,"minecraft:snowball":4,"minecraft:diamond_pickaxe":332,"minecraft:diamond_shovel":54,"minecraft:villager_spawn_egg":16,"minecraft:lantern":2,"minecraft:bread":24,"minecraft:lectern":2,"minecraft:gravel":24,"minecraft:stone_bricks":1,"minecraft:stone_axe":78,"minecraft:cobblestone":224,"minecraft:furnace":4,"minecraft:oak_boat":1,"minecraft:yellow_bed":2},"minecraft:picked_up":{"minecraft:magma_block":8,"minecraft:crafting_table":4,"minecraft:flint":6,"minecraft:oak_log":18,"minecraft:yellow_bed":3,"minecraft:dirt":741,"minecraft:blue_bed":6,"minecraft:lantern":2,"minecraft:stone_bricks":2,"minecraft:grindstone":1,"minecraft:wheat_seeds":4,"minecraft:cobblestone_slab":5,"minecraft:bell":2,"minecraft:spruce_planks":57,"minecraft:iron_ingot":8,"minecraft:stone_pickaxe":1,"minecraft:oak_boat":2,"minecraft:poppy":2,"minecraft:fletching_table":5,"minecraft:lectern":2,"minecraft:oak_planks":51,"minecraft:iron_sword":1,"minecraft:stone_hoe":1,"minecraft:furnace":4,"minecraft:book":33,"minecraft:stick":1,"minecraft:torch":8,"minecraft:spruce_stairs":48,"minecraft:gravel":44,"minecraft:porkchop":18,"minecraft:blast_furnace":3,"minecraft:diorite":7,"minecraft:white_bed":25,"minecraft:spruce_log":12,"minecraft:spruce_door":3,"minecraft:rotten_flesh":1,"minecraft:stone_axe":1,"minecraft:hay_block":19,"minecraft:granite":4,"minecraft:bread":49,"minecraft:obsidian":12,"minecraft:coal":25,"minecraft:snowball":129,"minecraft:cobblestone":401}},"DataVersion":3953}