{"stats":{"minecraft:broken":{"minecraft:stone_pickaxe":1,"minecraft:stone_axe":1,"minecraft:stone_shovel":2},"minecraft:custom":{"minecraft:interact_with_smithing_table":1,"minecraft:mob_kills":10,"minecraft:interact_with_crafting_table":37,"minecraft:leave_game":5,"minecraft:time_since_death":108891,"minecraft:sprint_one_cm":242226,"minecraft:walk_one_cm":219041,"minecraft:drop":82,"minecraft:talked_to_villager":436,"minecraft:play_time":132111,"minecraft:deaths":1,"minecraft:sneak_time":12113,"minecraft:walk_under_water_one_cm":44413,"minecraft:boat_one_cm":26609,"minecraft:jump":1836,"minecraft:walk_on_water_one_cm":31151,"minecraft:enchant_item":3,"minecraft:total_world_time":132111,"minecraft:interact_with_furnace":2,"minecraft:traded_with_villager":376,"minecraft:interact_with_grindstone":2,"minecraft:sleep_in_bed":5,"minecraft:time_since_rest":7897,"minecraft:damage_taken":844,"minecraft:damage_dealt":2831,"minecraft:fly_one_cm":395132,"minecraft:swim_one_cm":47162,"minecraft:open_chest":75,"minecraft:crouch_one_cm":59499,"minecraft:fall_one_cm":36973},"minecraft:mined":{"minecraft:spruce_planks":14,"minecraft:white_bed":25,"minecraft:granite":32,"minecraft:grass_block":88,"minecraft:spruce_leaves":52,"minecraft:hay_block":19,"minecraft:magma_block":8,"minecraft:furnace":4,"minecraft:snow":14,"minecraft:fletching_table":4,"minecraft:enchanting_table":1,"minecraft:bookshelf":27,"minecraft:dirt_path":41,"minecraft:cobblestone_slab":6,"minecraft:lantern":1,"minecraft:packed_ice":11,"minecraft:stone":553,"minecraft:snow_block":7,"minecraft:spruce_door":3,"minecraft:crafting_table":4,"minecraft:short_grass":10,"minecraft:blast_furnace":3,"minecraft:lectern":173,"minecraft:copper_ore":1,"minecraft:tall_grass":2,"minecraft:cobblestone":44,"minecraft:lapis_ore":14,"minecraft:grindstone":2,"minecraft:blue_bed":6,"minecraft:diorite":103,"minecraft:wall_torch":2,"minecraft:spruce_stairs":18,"minecraft:ice":7,"minecraft:spruce_log":12,"minecraft:yellow_bed":2,"minecraft:oak_log":18,"minecraft:coal_ore":25,"minecraft:dirt":328,"minecraft:gravel":52,"minecraft:stone_bricks":1},"minecraft:killed_by":{"minecraft:iron_golem":1},"minecraft:crafted":{"minecraft:oak_planks":72,"minecraft:chainmail_helmet":12,"minecraft:cobblestone_slab":60,"minecraft:stone_shovel":4,"minecraft:diamond_shovel":1,"minecraft:bookshelf":37,"minecraft:diamond_helmet":1,"minecraft:diamond_leggings":1,"minecraft:iron_boots":10,"minecraft:spruce_slab":24,"minecraft:stone_pickaxe":2,"minecraft:chest":6,"minecraft:diamond_boots":1,"minecraft:stone_hoe":13,"minecraft:wheat":171,"minecraft:wooden_shovel":1,"minecraft:diamond_sword":1,"minecraft:emerald":324,"minecraft:diamond_axe":1,"minecraft:crafting_table":4,"minecraft:enchanting_table":1,"minecraft:spruce_planks":4400,"minecraft:wooden_pickaxe":1,"minecraft:smithing_table":1,"minecraft:fletching_table":3,"minecraft:stone_axe":1,"minecraft:enchanted_book":5,"minecraft:bread":57,"minecraft:oak_boat":1,"minecraft:lectern":5,"minecraft:diamond_pickaxe":1,"minecraft:stick":8041,"minecraft:stone_sword":1,"minecraft:torch":88,"minecraft:diamond_chestplate":1},"minecraft:dropped":{"minecraft:stone_hoe":12,"minecraft:wheat_seeds":3,"minecraft:cobblestone":1,"minecraft:spruce_stairs":14,"minecraft:chainmail_helmet":24,"minecraft:diorite":18,"minecraft:snowball":64,"minecraft:gravel":1,"minecraft:rotten_flesh":1,"minecraft:iron_boots":26,"minecraft:diamond_shovel":1,"minecraft:poppy":2,"minecraft:cobblestone_slab":25,"minecraft:diamond_pickaxe":1,"minecraft:wooden_shovel":1,"minecraft:stone_pickaxe":1,"minecraft:wooden_pickaxe":1},"minecraft:killed":{"minecraft:drowned":1,"minecraft:pig":5,"minecraft:iron_golem":2,"minecraft:zombie":1},"minecraft:used":{"minecraft:enchanting_table":2,"minecraft:stone_sword":12,"minecraft:spruce_slab":2,"minecraft:stone_shovel":441,"minecraft:chest":6,"minecraft:spruce_planks":27,"minecraft:iron_sword":31,"minecraft:wooden_shovel":6,"minecraft:bell":1,"minecraft:stone_hoe":46,"minecraft:torch":35,"minecraft:dirt":454,"minecraft:spruce_stairs":4,"minecraft:snowball":4,"minecraft:bookshelf":32,"minecraft:villager_spawn_egg":16,"minecraft:lantern":2,"minecraft:stone_bricks":1,"minecraft:diamond_chestplate":1,"minecraft:furnace":4,"minecraft:diorite":8,"minecraft:diamond_boots":1,"minecraft:spruce_door":3,"minecraft:stone_pickaxe":254,"minecraft:wooden_pickaxe":9,"minecraft:diamond_axe":139,"minecraft:blue_bed":6,"minecraft:fletching_table":7,"minecraft:cobblestone_slab":41,"minecraft:crafting_table":8,"minecraft:blast_furnace":3,"minecraft:white_bed":25,"minecraft:diamond_pickaxe":565,"minecraft:diamond_shovel":54,"minecraft:bread":27,"minecraft:lectern":178,"minecraft:gravel":24,"minecraft:stone_axe":132,"minecraft:cobblestone":278,"minecraft:grindstone":2,"minecraft:smithing_table":1,"minecraft:yellow_bed":2,"minecraft:oak_boat":1},"minecraft:picked_up":{"minecraft:crafting_table":4,"minecraft:raw_copper":3,"minecraft:spruce_planks":71,"minecraft:oak_boat":2,"minecraft:cobblestone_slab":31,"minecraft:poppy":2,"minecraft:lectern":173,"minecraft:iron_boots":16,"minecraft:furnace":4,"minecraft:stick":4,"minecraft:torch":9,"minecraft:spruce_stairs":48,"minecraft:porkchop":18,"minecraft:diorite":111,"minecraft:rotten_flesh":1,"minecraft:hay_block":19,"minecraft:obsidian":12,"minecraft:snowball":129,"minecraft:cobblestone":520,"minecraft:enchanting_table":1,"minecraft:magma_block":8,"minecraft:flint":6,"minecraft:oak_log":18,"minecraft:yellow_bed":3,"minecraft:lapis_lazuli":98,"minecraft:blue_bed":6,"minecraft:dirt":742,"minecraft:lantern":2,"minecraft:stone_bricks":2,"minecraft:wheat_seeds":4,"minecraft:bell":2,"minecraft:stone_pickaxe":1,"minecraft:iron_ingot":8,"minecraft:grindstone":2,"minecraft:fletching_table":5,"minecraft:stone_hoe":1,"minecraft:iron_sword":1,"minecraft:oak_planks":51,"minecraft:book":81,"minecraft:gravel":45,"minecraft:blast_furnace":3,"minecraft:white_bed":25,"minecraft:spruce_log":12,"minecraft:spruce_door":3,"minecraft:diamond_shovel":1,"minecraft:stone_axe":1,"minecraft:granite":10,"minecraft:chainmail_helmet":12,"minecraft:bread":49,"minecraft:coal":25,"minecraft:diamond_pickaxe":1}},"DataVersion":3953}