{"stats":{"minecraft:dropped":{"minecraft:crossbow":4,"minecraft:wooden_sword":1,"minecraft:wooden_pickaxe":1},"minecraft:killed":{"minecraft:spider":1,"minecraft:skeleton":1,"minecraft:pillager":2,"minecraft:zombie":4,"minecraft:cow":1},"minecraft:custom":{"minecraft:interact_with_furnace":7,"minecraft:mob_kills":9,"minecraft:interact_with_crafting_table":8,"minecraft:leave_game":1,"minecraft:time_since_death":34675,"minecraft:time_since_rest":1262,"minecraft:sprint_one_cm":19858,"minecraft:damage_taken":192,"minecraft:walk_one_cm":102481,"minecraft:damage_blocked_by_shield":80,"minecraft:drop":6,"minecraft:damage_dealt":1629,"minecraft:fly_one_cm":17464,"minecraft:open_chest":5,"minecraft:crouch_one_cm":8892,"minecraft:play_time":34675,"minecraft:sneak_time":3963,"minecraft:walk_under_water_one_cm":43,"minecraft:jump":199,"minecraft:walk_on_water_one_cm":205,"minecraft:total_world_time":34675,"minecraft:fall_one_cm":3089},"minecraft:broken":{"minecraft:iron_pickaxe":2,"minecraft:wooden_pickaxe":1},"minecraft:used":{"minecraft:diamond_boots":1,"minecraft:shield":3,"minecraft:wooden_pickaxe":59,"minecraft:iron_sword":18,"minecraft:rotten_flesh":2,"minecraft:iron_chestplate":1,"minecraft:torch":2,"minecraft:glow_berries":3,"minecraft:crafting_table":1,"minecraft:diamond_helmet":1,"minecraft:diamond_pickaxe":39,"minecraft:iron_pickaxe":500,"minecraft:diamond_chestplate":1,"minecraft:wooden_sword":20,"minecraft:beef":1,"minecraft:furnace":1,"minecraft:cobbled_deepslate":4,"minecraft:diamond_leggings":1},"minecraft:mined":{"minecraft:tuff":39,"minecraft:mossy_cobblestone":1,"minecraft:deepslate_diamond_ore":63,"minecraft:granite":22,"minecraft:grass_block":1,"minecraft:cobblestone":1,"minecraft:diorite":27,"minecraft:iron_ore":4,"minecraft:andesite":14,"minecraft:oak_log":7,"minecraft:coal_ore":15,"minecraft:cave_vines":1,"minecraft:deepslate_iron_ore":10,"minecraft:gravel":7,"minecraft:dirt":14,"minecraft:stone":97,"minecraft:oak_leaves":1,"minecraft:deepslate":289},"minecraft:picked_up":{"minecraft:ominous_bottle":2,"minecraft:andesite":14,"minecraft:wooden_pickaxe":1,"minecraft:flint":1,"minecraft:tuff":39,"minecraft:oak_log":7,"minecraft:dirt":15,"minecraft:white_banner":2,"minecraft:wooden_sword":1,"minecraft:bone":1,"minecraft:cobbled_deepslate":268,"minecraft:beef":1,"minecraft:iron_ingot":14,"minecraft:raw_iron":14,"minecraft:gravel":6,"minecraft:diorite":27,"minecraft:mossy_cobblestone":1,"minecraft:rotten_flesh":2,"minecraft:arrow":1,"minecraft:diamond":63,"minecraft:crossbow":4,"minecraft:granite":22,"minecraft:coal":15,"minecraft:cobblestone":98},"minecraft:crafted":{"minecraft:wooden_sword":1,"minecraft:oak_planks":28,"minecraft:diamond_sword":1,"minecraft:crafting_table":1,"minecraft:wooden_pickaxe":1,"minecraft:iron_sword":1,"minecraft:furnace":1,"minecraft:diamond_helmet":1,"minecraft:diamond_leggings":1,"minecraft:iron_chestplate":1,"minecraft:diamond_pickaxe":1,"minecraft:shield":1,"minecraft:stick":8,"minecraft:iron_ingot":6,"minecraft:iron_pickaxe":2,"minecraft:diamond_boots":1,"minecraft:diamond_chestplate":1}},"DataVersion":3953}