{"stats":{"minecraft:mined":{"minecraft:tuff":80,"minecraft:mossy_cobblestone":1,"minecraft:deepslate_diamond_ore":228,"minecraft:granite":22,"minecraft:short_grass":4,"minecraft:blast_furnace":1,"minecraft:grass_block":1,"minecraft:cobblestone":9,"minecraft:bricks":1,"minecraft:iron_door":1,"minecraft:diorite":27,"minecraft:sandstone":20,"minecraft:wall_torch":2,"minecraft:spawner":1,"minecraft:smooth_stone":8,"minecraft:iron_ore":8,"minecraft:cobbled_deepslate":3,"minecraft:ice":3,"minecraft:andesite":14,"minecraft:yellow_bed":1,"minecraft:enchanting_table":1,"minecraft:coal_ore":15,"minecraft:oak_log":7,"minecraft:cave_vines":1,"minecraft:deepslate_iron_ore":45,"minecraft:gravel":13,"minecraft:sand":16,"minecraft:dirt":14,"minecraft:packed_ice":8,"minecraft:stone":162,"minecraft:netherrack":1,"minecraft:oak_leaves":1,"minecraft:deepslate":1187},"minecraft:picked_up":{"minecraft:enchanting_table":1,"minecraft:iron_door":1,"minecraft:ominous_bottle":2,"minecraft:andesite":28,"minecraft:wooden_pickaxe":1,"minecraft:potato":1,"minecraft:enchanted_book":1,"minecraft:flint":2,"minecraft:tuff":119,"minecraft:oak_log":7,"minecraft:dirt":15,"minecraft:white_banner":2,"minecraft:wooden_sword":1,"minecraft:leather_boots":1,"minecraft:bone":1,"minecraft:cobbled_deepslate":1203,"minecraft:smooth_stone":8,"minecraft:iron_ingot":14,"minecraft:beef":1,"minecraft:cooked_chicken":2,"minecraft:raw_iron":51,"minecraft:sandstone":19,"minecraft:torch":2,"minecraft:gravel":23,"minecraft:porkchop":5,"minecraft:sand":18,"minecraft:blast_furnace":1,"minecraft:diorite":27,"minecraft:mossy_cobblestone":2,"minecraft:arrow":2,"minecraft:rotten_flesh":14,"minecraft:diamond":227,"minecraft:crossbow":4,"minecraft:granite":44,"minecraft:netherrack":1,"minecraft:coal":15,"minecraft:cobblestone":264},"minecraft:crafted":{"minecraft:wooden_sword":1,"minecraft:oak_planks":28,"minecraft:smooth_stone":3,"minecraft:deepslate":4,"minecraft:diamond_sword":2,"minecraft:crafting_table":2,"minecraft:wooden_pickaxe":1,"minecraft:baked_potato":24,"minecraft:iron_sword":1,"minecraft:furnace":2,"minecraft:blast_furnace":1,"minecraft:stone":5,"minecraft:diamond_helmet":1,"minecraft:book":4,"minecraft:diamond_leggings":1,"minecraft:iron_chestplate":1,"minecraft:diamond_pickaxe":2,"minecraft:shield":1,"minecraft:stick":8,"minecraft:iron_ingot":38,"minecraft:iron_pickaxe":2,"minecraft:iron_door":3,"minecraft:diamond_boots":1,"minecraft:diamond_chestplate":1},"minecraft:used":{"minecraft:enchanting_table":1,"minecraft:diamond_boots":1,"minecraft:baked_potato":8,"minecraft:shield":5,"minecraft:wooden_pickaxe":59,"minecraft:sandstone":5,"minecraft:iron_sword":18,"minecraft:rotten_flesh":7,"minecraft:cooked_chicken":2,"minecraft:iron_chestplate":1,"minecraft:torch":7,"minecraft:glow_berries":3,"minecraft:crafting_table":2,"minecraft:blast_furnace":1,"minecraft:diamond_helmet":1,"minecraft:tuff":4,"minecraft:obsidian":3,"minecraft:diamond_pickaxe":1080,"minecraft:iron_pickaxe":750,"minecraft:iron_door":3,"minecraft:diamond_sword":52,"minecraft:diamond_chestplate":1,"minecraft:wooden_sword":20,"minecraft:beef":1,"minecraft:furnace":1,"minecraft:porkchop":5,"minecraft:bucket":2,"minecraft:cobbled_deepslate":38,"minecraft:diamond_leggings":1},"minecraft:dropped":{"minecraft:gravel":23,"minecraft:cobbled_deepslate":962,"minecraft:mossy_cobblestone":2,"minecraft:diamond":64,"minecraft:tuff":115,"minecraft:crossbow":4,"minecraft:cobblestone":210,"minecraft:rotten_flesh":14,"minecraft:granite":44,"minecraft:filled_map":1,"minecraft:diamond_sword":1,"minecraft:dirt":15,"minecraft:diorite":27,"minecraft:iron_chestplate":1,"minecraft:andesite":28,"minecraft:leather_boots":1,"minecraft:wooden_sword":1,"minecraft:white_banner":2,"minecraft:arrow":2,"minecraft:wooden_pickaxe":1},"minecraft:broken":{"minecraft:iron_pickaxe":3,"minecraft:wooden_pickaxe":1},"minecraft:custom":{"minecraft:interact_with_furnace":51,"minecraft:mob_kills":25,"minecraft:interact_with_anvil":3,"minecraft:interact_with_crafting_table":26,"minecraft:bell_ring":2,"minecraft:interact_with_grindstone":2,"minecraft:leave_game":4,"minecraft:time_since_death":122909,"minecraft:sleep_in_bed":1,"minecraft:climb_one_cm":356,"minecraft:time_since_rest":49054,"minecraft:sprint_one_cm":138467,"minecraft:damage_taken":564,"minecraft:walk_one_cm":327387,"minecraft:damage_blocked_by_shield":200,"minecraft:drop":69,"minecraft:damage_dealt":4295,"minecraft:swim_one_cm":22161,"minecraft:talked_to_villager":5,"minecraft:fly_one_cm":281596,"minecraft:open_chest":66,"minecraft:crouch_one_cm":24329,"minecraft:play_time":122909,"minecraft:sneak_time":10551,"minecraft:walk_under_water_one_cm":24926,"minecraft:jump":1301,"minecraft:interact_with_blast_furnace":9,"minecraft:walk_on_water_one_cm":20834,"minecraft:total_world_time":122909,"minecraft:fall_one_cm":23549},"minecraft:killed":{"minecraft:pig":4,"minecraft:spider":1,"minecraft:skeleton":2,"minecraft:pillager":2,"minecraft:zombie":15,"minecraft:cow":1}},"DataVersion":3953}