{"stats":{"minecraft:dropped":{"minecraft:crossbow":4,"minecraft:wooden_sword":1,"minecraft:wooden_pickaxe":1},"minecraft:killed":{"minecraft:pillager":2,"minecraft:zombie":1,"minecraft:cow":1},"minecraft:custom":{"minecraft:time_since_rest":5974,"minecraft:sprint_one_cm":16890,"minecraft:walk_one_cm":19089,"minecraft:damage_taken":50,"minecraft:damage_blocked_by_shield":55,"minecraft:mob_kills":4,"minecraft:drop":6,"minecraft:damage_dealt":739,"minecraft:interact_with_crafting_table":4,"minecraft:fly_one_cm":16908,"minecraft:open_chest":2,"minecraft:crouch_one_cm":352,"minecraft:play_time":5974,"minecraft:sneak_time":270,"minecraft:jump":94,"minecraft:time_since_death":5974,"minecraft:total_world_time":5974,"minecraft:fall_one_cm":1939},"minecraft:used":{"minecraft:iron_pickaxe":3,"minecraft:wooden_pickaxe":11,"minecraft:shield":2,"minecraft:iron_sword":7,"minecraft:iron_chestplate":1,"minecraft:wooden_sword":11},"minecraft:mined":{"minecraft:iron_ore":2,"minecraft:coal_ore":2,"minecraft:grass_block":1,"minecraft:oak_log":7,"minecraft:dirt":5,"minecraft:stone":10,"minecraft:oak_leaves":1},"minecraft:crafted":{"minecraft:wooden_sword":1,"minecraft:oak_planks":28,"minecraft:iron_chestplate":1,"minecraft:shield":1,"minecraft:stick":4,"minecraft:iron_pickaxe":1,"minecraft:wooden_pickaxe":1,"minecraft:iron_sword":1},"minecraft:picked_up":{"minecraft:raw_iron":2,"minecraft:ominous_bottle":2,"minecraft:wooden_pickaxe":1,"minecraft:oak_log":7,"minecraft:dirt":6,"minecraft:white_banner":2,"minecraft:wooden_sword":1,"minecraft:rotten_flesh":2,"minecraft:iron_ingot":14,"minecraft:crossbow":4,"minecraft:beef":1,"minecraft:coal":2,"minecraft:cobblestone":9}},"DataVersion":3953}