{"stats":{"minecraft:dropped":{"minecraft:gravel":18,"minecraft:cobbled_deepslate":673,"minecraft:mossy_cobblestone":2,"minecraft:tuff":85,"minecraft:crossbow":4,"minecraft:cobblestone":196,"minecraft:granite":44,"minecraft:dirt":15,"minecraft:diorite":27,"minecraft:iron_chestplate":1,"minecraft:andesite":28,"minecraft:wooden_sword":1,"minecraft:white_banner":2,"minecraft:arrow":1,"minecraft:wooden_pickaxe":1},"minecraft:killed":{"minecraft:spider":1,"minecraft:skeleton":1,"minecraft:pillager":2,"minecraft:zombie":6,"minecraft:cow":1},"minecraft:custom":{"minecraft:interact_with_furnace":7,"minecraft:mob_kills":11,"minecraft:interact_with_crafting_table":8,"minecraft:leave_game":2,"minecraft:time_since_death":54923,"minecraft:time_since_rest":16946,"minecraft:sprint_one_cm":23169,"minecraft:damage_taken":225,"minecraft:walk_one_cm":169425,"minecraft:damage_blocked_by_shield":80,"minecraft:drop":41,"minecraft:damage_dealt":1989,"minecraft:fly_one_cm":17601,"minecraft:open_chest":6,"minecraft:crouch_one_cm":14646,"minecraft:play_time":54923,"minecraft:sneak_time":6492,"minecraft:walk_under_water_one_cm":43,"minecraft:jump":298,"minecraft:walk_on_water_one_cm":205,"minecraft:total_world_time":54923,"minecraft:fall_one_cm":3358},"minecraft:broken":{"minecraft:iron_pickaxe":3,"minecraft:wooden_pickaxe":1},"minecraft:used":{"minecraft:diamond_boots":1,"minecraft:wooden_pickaxe":59,"minecraft:shield":3,"minecraft:iron_sword":18,"minecraft:rotten_flesh":5,"minecraft:iron_chestplate":1,"minecraft:torch":2,"minecraft:glow_berries":3,"minecraft:crafting_table":1,"minecraft:diamond_helmet":1,"minecraft:tuff":4,"minecraft:diamond_pickaxe":413,"minecraft:iron_pickaxe":750,"minecraft:diamond_sword":6,"minecraft:diamond_chestplate":1,"minecraft:wooden_sword":20,"minecraft:beef":1,"minecraft:furnace":1,"minecraft:cobbled_deepslate":22,"minecraft:diamond_leggings":1},"minecraft:mined":{"minecraft:tuff":72,"minecraft:mossy_cobblestone":1,"minecraft:deepslate_diamond_ore":119,"minecraft:granite":22,"minecraft:grass_block":1,"minecraft:cobblestone":3,"minecraft:diorite":27,"minecraft:spawner":1,"minecraft:iron_ore":4,"minecraft:cobbled_deepslate":3,"minecraft:andesite":14,"minecraft:oak_log":7,"minecraft:coal_ore":15,"minecraft:cave_vines":1,"minecraft:deepslate_iron_ore":40,"minecraft:gravel":7,"minecraft:dirt":14,"minecraft:stone":97,"minecraft:oak_leaves":1,"minecraft:deepslate":788},"minecraft:picked_up":{"minecraft:ominous_bottle":2,"minecraft:andesite":28,"minecraft:wooden_pickaxe":1,"minecraft:flint":1,"minecraft:tuff":111,"minecraft:oak_log":7,"minecraft:dirt":15,"minecraft:white_banner":2,"minecraft:wooden_sword":1,"minecraft:bone":1,"minecraft:cobbled_deepslate":803,"minecraft:iron_ingot":14,"minecraft:beef":1,"minecraft:raw_iron":43,"minecraft:gravel":18,"minecraft:diorite":27,"minecraft:mossy_cobblestone":2,"minecraft:arrow":1,"minecraft:rotten_flesh":4,"minecraft:diamond":119,"minecraft:crossbow":4,"minecraft:granite":44,"minecraft:coal":15,"minecraft:cobblestone":198},"minecraft:crafted":{"minecraft:wooden_sword":1,"minecraft:oak_planks":28,"minecraft:diamond_sword":1,"minecraft:crafting_table":1,"minecraft:wooden_pickaxe":1,"minecraft:iron_sword":1,"minecraft:furnace":1,"minecraft:diamond_helmet":1,"minecraft:diamond_leggings":1,"minecraft:iron_chestplate":1,"minecraft:diamond_pickaxe":1,"minecraft:shield":1,"minecraft:stick":8,"minecraft:iron_ingot":6,"minecraft:iron_pickaxe":2,"minecraft:diamond_boots":1,"minecraft:diamond_chestplate":1}},"DataVersion":3953}