{"stats":{"minecraft:dropped":{"minecraft:gravel":23,"minecraft:cobbled_deepslate":962,"minecraft:mossy_cobblestone":2,"minecraft:diamond":64,"minecraft:tuff":115,"minecraft:crossbow":4,"minecraft:rotten_flesh":13,"minecraft:cobblestone":202,"minecraft:granite":44,"minecraft:diamond_sword":1,"minecraft:dirt":15,"minecraft:diorite":27,"minecraft:iron_chestplate":1,"minecraft:andesite":28,"minecraft:wooden_sword":1,"minecraft:white_banner":2,"minecraft:arrow":1,"minecraft:wooden_pickaxe":1},"minecraft:killed":{"minecraft:spider":1,"minecraft:skeleton":1,"minecraft:pillager":2,"minecraft:zombie":13,"minecraft:cow":1},"minecraft:custom":{"minecraft:interact_with_furnace":48,"minecraft:interact_with_anvil":3,"minecraft:mob_kills":18,"minecraft:interact_with_crafting_table":23,"minecraft:leave_game":2,"minecraft:time_since_death":96923,"minecraft:sleep_in_bed":1,"minecraft:time_since_rest":23068,"minecraft:sprint_one_cm":56384,"minecraft:damage_taken":345,"minecraft:walk_one_cm":282182,"minecraft:damage_blocked_by_shield":80,"minecraft:drop":64,"minecraft:damage_dealt":3154,"minecraft:fly_one_cm":70611,"minecraft:open_chest":51,"minecraft:crouch_one_cm":21634,"minecraft:play_time":96923,"minecraft:sneak_time":9231,"minecraft:walk_under_water_one_cm":507,"minecraft:jump":636,"minecraft:interact_with_blast_furnace":8,"minecraft:walk_on_water_one_cm":6308,"minecraft:total_world_time":96923,"minecraft:fall_one_cm":10155},"minecraft:broken":{"minecraft:iron_pickaxe":3,"minecraft:wooden_pickaxe":1},"minecraft:used":{"minecraft:diamond_boots":1,"minecraft:baked_potato":2,"minecraft:wooden_pickaxe":59,"minecraft:shield":3,"minecraft:iron_sword":18,"minecraft:cooked_chicken":2,"minecraft:rotten_flesh":7,"minecraft:iron_chestplate":1,"minecraft:torch":6,"minecraft:glow_berries":3,"minecraft:crafting_table":1,"minecraft:blast_furnace":1,"minecraft:diamond_helmet":1,"minecraft:tuff":4,"minecraft:diamond_pickaxe":994,"minecraft:iron_pickaxe":750,"minecraft:diamond_sword":31,"minecraft:diamond_chestplate":1,"minecraft:wooden_sword":20,"minecraft:beef":1,"minecraft:furnace":1,"minecraft:cobbled_deepslate":38,"minecraft:diamond_leggings":1},"minecraft:mined":{"minecraft:tuff":80,"minecraft:mossy_cobblestone":1,"minecraft:deepslate_diamond_ore":228,"minecraft:short_grass":4,"minecraft:granite":22,"minecraft:grass_block":1,"minecraft:cobblestone":7,"minecraft:diorite":27,"minecraft:wall_torch":2,"minecraft:spawner":1,"minecraft:iron_ore":8,"minecraft:cobbled_deepslate":3,"minecraft:andesite":14,"minecraft:oak_log":7,"minecraft:coal_ore":15,"minecraft:cave_vines":1,"minecraft:deepslate_iron_ore":45,"minecraft:gravel":13,"minecraft:dirt":14,"minecraft:stone":141,"minecraft:oak_leaves":1,"minecraft:deepslate":1187},"minecraft:picked_up":{"minecraft:ominous_bottle":2,"minecraft:andesite":28,"minecraft:wooden_pickaxe":1,"minecraft:potato":1,"minecraft:enchanted_book":1,"minecraft:flint":2,"minecraft:tuff":119,"minecraft:oak_log":7,"minecraft:dirt":15,"minecraft:white_banner":2,"minecraft:wooden_sword":1,"minecraft:bone":1,"minecraft:cobbled_deepslate":1203,"minecraft:iron_ingot":14,"minecraft:beef":1,"minecraft:cooked_chicken":2,"minecraft:raw_iron":51,"minecraft:torch":2,"minecraft:gravel":23,"minecraft:diorite":27,"minecraft:mossy_cobblestone":2,"minecraft:arrow":1,"minecraft:rotten_flesh":13,"minecraft:diamond":227,"minecraft:crossbow":4,"minecraft:granite":44,"minecraft:coal":15,"minecraft:cobblestone":246},"minecraft:crafted":{"minecraft:wooden_sword":1,"minecraft:smooth_stone":3,"minecraft:deepslate":4,"minecraft:oak_planks":28,"minecraft:diamond_sword":2,"minecraft:crafting_table":1,"minecraft:baked_potato":24,"minecraft:wooden_pickaxe":1,"minecraft:iron_sword":1,"minecraft:furnace":2,"minecraft:blast_furnace":1,"minecraft:stone":5,"minecraft:book":4,"minecraft:diamond_helmet":1,"minecraft:diamond_leggings":1,"minecraft:iron_chestplate":1,"minecraft:diamond_pickaxe":1,"minecraft:shield":1,"minecraft:stick":8,"minecraft:iron_ingot":38,"minecraft:iron_pickaxe":2,"minecraft:diamond_boots":1,"minecraft:diamond_chestplate":1}},"DataVersion":3953}