{"stats":{"minecraft:picked_up":{"minecraft:ominous_bottle":2,"minecraft:wooden_pickaxe":1,"minecraft:enchanted_book":1,"minecraft:stone_brick_stairs":3,"minecraft:wooden_sword":1,"minecraft:blackstone":28,"minecraft:smooth_stone":8,"minecraft:cobbled_deepslate":1203,"minecraft:beef":1,"minecraft:raw_iron":51,"minecraft:sandstone":19,"minecraft:torch":2,"minecraft:porkchop":5,"minecraft:diorite":27,"minecraft:rotten_flesh":14,"minecraft:arrow":2,"minecraft:cobblestone":264,"minecraft:enchanting_table":1,"minecraft:iron_door":11,"minecraft:andesite":28,"minecraft:potato":1,"minecraft:flint":2,"minecraft:tuff":119,"minecraft:oak_log":7,"minecraft:ancient_debris":41,"minecraft:dirt":15,"minecraft:white_banner":2,"minecraft:leather_boots":1,"minecraft:bone":1,"minecraft:iron_ingot":14,"minecraft:cooked_chicken":2,"minecraft:gravel":30,"minecraft:sand":18,"minecraft:blast_furnace":1,"minecraft:mossy_cobblestone":2,"minecraft:diamond":227,"minecraft:crossbow":4,"minecraft:granite":44,"minecraft:netherrack":240,"minecraft:coal":15},"minecraft:mined":{"minecraft:crying_obsidian":1,"minecraft:tuff":80,"minecraft:mossy_cobblestone":1,"minecraft:deepslate_diamond_ore":228,"minecraft:granite":22,"minecraft:grass_block":1,"minecraft:sandstone":20,"minecraft:spawner":1,"minecraft:smooth_stone":8,"minecraft:magma_block":7,"minecraft:iron_ore":8,"minecraft:cobbled_deepslate":3,"minecraft:fire":3,"minecraft:andesite":14,"minecraft:enchanting_table":1,"minecraft:mossy_stone_brick_stairs":1,"minecraft:cave_vines":1,"minecraft:deepslate_iron_ore":45,"minecraft:packed_ice":8,"minecraft:stone":162,"minecraft:blackstone":40,"minecraft:crimson_nylium":1,"minecraft:short_grass":4,"minecraft:blast_furnace":1,"minecraft:nether_quartz_ore":35,"minecraft:cobblestone":9,"minecraft:bricks":1,"minecraft:diorite":27,"minecraft:iron_door":8,"minecraft:wall_torch":2,"minecraft:ice":3,"minecraft:yellow_bed":1,"minecraft:stone_brick_stairs":2,"minecraft:oak_log":7,"minecraft:coal_ore":15,"minecraft:dirt":14,"minecraft:gravel":23,"minecraft:sand":16,"minecraft:ancient_debris":41,"minecraft:netherrack":1335,"minecraft:oak_leaves":1,"minecraft:deepslate":1187},"minecraft:crafted":{"minecraft:wooden_sword":1,"minecraft:smooth_stone":3,"minecraft:oak_planks":28,"minecraft:furnace":2,"minecraft:blast_furnace":1,"minecraft:stone":5,"minecraft:diamond_helmet":1,"minecraft:diamond_leggings":1,"minecraft:diamond_boots":1,"minecraft:iron_door":3,"minecraft:deepslate":4,"minecraft:diamond_sword":2,"minecraft:crafting_table":2,"minecraft:wooden_pickaxe":1,"minecraft:baked_potato":24,"minecraft:iron_sword":1,"minecraft:iron_chestplate":1,"minecraft:book":4,"minecraft:diamond_pickaxe":2,"minecraft:shield":1,"minecraft:stick":8,"minecraft:iron_ingot":38,"minecraft:iron_pickaxe":2,"minecraft:diamond_chestplate":1},"minecraft:used":{"minecraft:enchanting_table":1,"minecraft:flint_and_steel":6,"minecraft:shield":5,"minecraft:iron_sword":19,"minecraft:cooked_chicken":2,"minecraft:rotten_flesh":7,"minecraft:netherrack":80,"minecraft:iron_chestplate":1,"minecraft:torch":8,"minecraft:diamond_helmet":1,"minecraft:tuff":4,"minecraft:obsidian":4,"minecraft:diamond_chestplate":1,"minecraft:beef":1,"minecraft:furnace":1,"minecraft:cobbled_deepslate":38,"minecraft:water_bucket":46,"minecraft:diamond_boots":1,"minecraft:baked_potato":11,"minecraft:oak_planks":3,"minecraft:wooden_pickaxe":59,"minecraft:sandstone":5,"minecraft:glow_berries":3,"minecraft:crafting_table":2,"minecraft:blast_furnace":1,"minecraft:diamond_pickaxe":2558,"minecraft:iron_pickaxe":750,"minecraft:iron_door":11,"minecraft:diamond_sword":60,"minecraft:wooden_sword":20,"minecraft:porkchop":5,"minecraft:bucket":47,"minecraft:diamond_leggings":1},"minecraft:dropped":{"minecraft:mossy_cobblestone":2,"minecraft:diamond":64,"minecraft:crossbow":4,"minecraft:cobblestone":210,"minecraft:granite":44,"minecraft:dirt":15,"minecraft:diorite":27,"minecraft:iron_door":3,"minecraft:wooden_sword":1,"minecraft:heart_of_the_sea":1,"minecraft:white_banner":2,"minecraft:gravel":30,"minecraft:cobbled_deepslate":962,"minecraft:tuff":115,"minecraft:rotten_flesh":14,"minecraft:filled_map":1,"minecraft:diamond_sword":1,"minecraft:iron_chestplate":1,"minecraft:andesite":28,"minecraft:leather_boots":1,"minecraft:arrow":2,"minecraft:wooden_pickaxe":1,"minecraft:stone_brick_stairs":3,"minecraft:netherrack":100},"minecraft:broken":{"minecraft:wooden_pickaxe":1,"minecraft:iron_pickaxe":3},"minecraft:custom":{"minecraft:interact_with_anvil":3,"minecraft:mob_kills":27,"minecraft:interact_with_crafting_table":26,"minecraft:bell_ring":2,"minecraft:leave_game":4,"minecraft:time_since_death":170909,"minecraft:climb_one_cm":356,"minecraft:sprint_one_cm":150900,"minecraft:walk_one_cm":481602,"minecraft:damage_blocked_by_shield":200,"minecraft:drop":78,"minecraft:talked_to_villager":5,"minecraft:play_time":170909,"minecraft:sneak_time":13748,"minecraft:walk_under_water_one_cm":61488,"minecraft:jump":1529,"minecraft:interact_with_blast_furnace":9,"minecraft:walk_on_water_one_cm":28635,"minecraft:total_world_time":170909,"minecraft:interact_with_furnace":51,"minecraft:interact_with_grindstone":2,"minecraft:sleep_in_bed":1,"minecraft:time_since_rest":97054,"minecraft:damage_taken":793,"minecraft:damage_dealt":4666,"minecraft:swim_one_cm":27987,"minecraft:fly_one_cm":295051,"minecraft:open_chest":66,"minecraft:crouch_one_cm":28717,"minecraft:fall_one_cm":29285},"minecraft:killed":{"minecraft:spider":1,"minecraft:skeleton":2,"minecraft:drowned":2,"minecraft:pig":4,"minecraft:pillager":2,"minecraft:zombie":15,"minecraft:cow":1}},"DataVersion":3953}