{"stats":{"minecraft:broken":{"minecraft:wooden_pickaxe":1,"minecraft:diamond_pickaxe":1,"minecraft:iron_pickaxe":3},"minecraft:custom":{"minecraft:mob_kills":38,"minecraft:interact_with_anvil":3,"minecraft:interact_with_crafting_table":26,"minecraft:bell_ring":2,"minecraft:leave_game":9,"minecraft:time_since_death":201911,"minecraft:climb_one_cm":1276,"minecraft:sprint_one_cm":211889,"minecraft:walk_one_cm":575845,"minecraft:damage_blocked_by_shield":620,"minecraft:drop":92,"minecraft:talked_to_villager":23,"minecraft:play_time":201911,"minecraft:sneak_time":15133,"minecraft:walk_under_water_one_cm":61488,"minecraft:jump":2216,"minecraft:interact_with_brewingstand":2,"minecraft:interact_with_blast_furnace":9,"minecraft:walk_on_water_one_cm":31265,"minecraft:total_world_time":201911,"minecraft:interact_with_furnace":53,"minecraft:interact_with_grindstone":2,"minecraft:sleep_in_bed":1,"minecraft:time_since_rest":6677,"minecraft:damage_taken":897,"minecraft:damage_dealt":6446,"minecraft:swim_one_cm":27987,"minecraft:fly_one_cm":443825,"minecraft:open_chest":68,"minecraft:crouch_one_cm":32363,"minecraft:fall_one_cm":52670},"minecraft:mined":{"minecraft:nether_gold_ore":1,"minecraft:crying_obsidian":1,"minecraft:tuff":80,"minecraft:mossy_cobblestone":1,"minecraft:deepslate_diamond_ore":228,"minecraft:granite":22,"minecraft:grass_block":1,"minecraft:sandstone":20,"minecraft:spawner":1,"minecraft:smooth_stone":8,"minecraft:magma_block":7,"minecraft:iron_ore":10,"minecraft:cobbled_deepslate":3,"minecraft:fire":3,"minecraft:andesite":14,"minecraft:enchanting_table":1,"minecraft:mossy_stone_brick_stairs":1,"minecraft:cave_vines":1,"minecraft:deepslate_iron_ore":45,"minecraft:packed_ice":8,"minecraft:stone":189,"minecraft:blackstone":46,"minecraft:crimson_nylium":1,"minecraft:short_grass":6,"minecraft:blast_furnace":1,"minecraft:nether_quartz_ore":71,"minecraft:cobblestone":9,"minecraft:bricks":1,"minecraft:diorite":27,"minecraft:iron_door":8,"minecraft:wall_torch":2,"minecraft:ice":3,"minecraft:yellow_bed":1,"minecraft:stone_brick_stairs":2,"minecraft:oak_log":7,"minecraft:coal_ore":61,"minecraft:gravel":24,"minecraft:sand":16,"minecraft:dirt":14,"minecraft:ancient_debris":54,"minecraft:netherrack":1703,"minecraft:oak_leaves":1,"minecraft:deepslate":1187},"minecraft:crafted":{"minecraft:wooden_sword":1,"minecraft:smooth_stone":3,"minecraft:oak_planks":28,"minecraft:furnace":2,"minecraft:blast_furnace":1,"minecraft:stone":5,"minecraft:diamond_helmet":1,"minecraft:diamond_leggings":1,"minecraft:diamond_boots":1,"minecraft:iron_door":3,"minecraft:deepslate":4,"minecraft:diamond_sword":2,"minecraft:crafting_table":2,"minecraft:wooden_pickaxe":1,"minecraft:baked_potato":24,"minecraft:iron_sword":1,"minecraft:iron_chestplate":1,"minecraft:book":4,"minecraft:diamond_pickaxe":2,"minecraft:shield":1,"minecraft:stick":12,"minecraft:iron_ingot":38,"minecraft:iron_pickaxe":2,"minecraft:diamond_chestplate":1},"minecraft:dropped":{"minecraft:golden_boots":1,"minecraft:iron_ingot":6,"minecraft:bread":5,"minecraft:mossy_cobblestone":2,"minecraft:diamond":64,"minecraft:crossbow":4,"minecraft:cobblestone":210,"minecraft:granite":44,"minecraft:dirt":15,"minecraft:diorite":27,"minecraft:iron_door":3,"minecraft:wooden_sword":1,"minecraft:heart_of_the_sea":1,"minecraft:white_banner":2,"minecraft:gravel":30,"minecraft:cobbled_deepslate":962,"minecraft:tuff":115,"minecraft:rotten_flesh":16,"minecraft:oak_planks":2,"minecraft:filled_map":1,"minecraft:diamond_sword":1,"minecraft:iron_chestplate":1,"minecraft:andesite":28,"minecraft:leather_boots":1,"minecraft:arrow":2,"minecraft:wooden_pickaxe":1,"minecraft:stone_brick_stairs":3,"minecraft:netherrack":100},"minecraft:killed":{"minecraft:spider":1,"minecraft:phantom":4,"minecraft:skeleton":3,"minecraft:drowned":2,"minecraft:pig":5,"minecraft:creeper":1,"minecraft:pillager":2,"minecraft:zombie":16,"minecraft:cow":4},"minecraft:used":{"minecraft:enchanting_table":1,"minecraft:flint_and_steel":6,"minecraft:shield":18,"minecraft:iron_sword":19,"minecraft:cooked_chicken":2,"minecraft:rotten_flesh":7,"minecraft:netherrack":86,"minecraft:iron_chestplate":1,"minecraft:torch":8,"minecraft:diamond_helmet":1,"minecraft:tuff":4,"minecraft:obsidian":4,"minecraft:diamond_chestplate":1,"minecraft:beef":1,"minecraft:furnace":1,"minecraft:cooked_cod":4,"minecraft:cobbled_deepslate":38,"minecraft:water_bucket":46,"minecraft:diamond_boots":1,"minecraft:baked_potato":13,"minecraft:oak_planks":3,"minecraft:wooden_pickaxe":59,"minecraft:sandstone":5,"minecraft:glow_berries":3,"minecraft:crafting_table":2,"minecraft:blast_furnace":1,"minecraft:diamond_pickaxe":3063,"minecraft:bread":2,"minecraft:iron_pickaxe":750,"minecraft:iron_door":11,"minecraft:diamond_sword":90,"minecraft:wooden_sword":20,"minecraft:porkchop":5,"minecraft:bucket":47,"minecraft:diamond_leggings":1},"minecraft:picked_up":{"minecraft:ominous_bottle":2,"minecraft:wooden_pickaxe":1,"minecraft:enchanted_book":1,"minecraft:stone_brick_stairs":3,"minecraft:wooden_sword":1,"minecraft:blackstone":34,"minecraft:smooth_stone":8,"minecraft:cobbled_deepslate":1203,"minecraft:beef":1,"minecraft:raw_iron":53,"minecraft:sandstone":19,"minecraft:torch":2,"minecraft:porkchop":8,"minecraft:diorite":27,"minecraft:rotten_flesh":16,"minecraft:arrow":2,"minecraft:cobblestone":289,"minecraft:enchanting_table":1,"minecraft:iron_door":11,"minecraft:andesite":28,"minecraft:potato":1,"minecraft:flint":2,"minecraft:tuff":119,"minecraft:oak_log":7,"minecraft:ancient_debris":54,"minecraft:dirt":15,"minecraft:white_banner":2,"minecraft:leather_boots":1,"minecraft:bone":1,"minecraft:iron_ingot":20,"minecraft:cooked_chicken":2,"minecraft:oak_planks":2,"minecraft:gravel":30,"minecraft:sand":18,"minecraft:blast_furnace":1,"minecraft:mossy_cobblestone":2,"minecraft:diamond":227,"minecraft:crossbow":4,"minecraft:granite":44,"minecraft:bread":5,"minecraft:netherrack":305,"minecraft:coal":61}},"DataVersion":3953}