{"stats":{"minecraft:killed":{"minecraft:pig":4,"minecraft:spider":1,"minecraft:skeleton":1,"minecraft:pillager":2,"minecraft:zombie":14,"minecraft:cow":1},"minecraft:broken":{"minecraft:iron_pickaxe":3,"minecraft:wooden_pickaxe":1},"minecraft:mined":{"minecraft:tuff":80,"minecraft:mossy_cobblestone":1,"minecraft:deepslate_diamond_ore":228,"minecraft:granite":22,"minecraft:short_grass":4,"minecraft:blast_furnace":1,"minecraft:grass_block":1,"minecraft:cobblestone":9,"minecraft:bricks":1,"minecraft:diorite":27,"minecraft:sandstone":20,"minecraft:wall_torch":2,"minecraft:spawner":1,"minecraft:smooth_stone":8,"minecraft:iron_ore":8,"minecraft:cobbled_deepslate":3,"minecraft:ice":3,"minecraft:andesite":14,"minecraft:yellow_bed":1,"minecraft:enchanting_table":1,"minecraft:oak_log":7,"minecraft:coal_ore":15,"minecraft:cave_vines":1,"minecraft:deepslate_iron_ore":45,"minecraft:sand":16,"minecraft:gravel":13,"minecraft:dirt":14,"minecraft:packed_ice":5,"minecraft:stone":162,"minecraft:oak_leaves":1,"minecraft:deepslate":1187},"minecraft:used":{"minecraft:enchanting_table":1,"minecraft:diamond_boots":1,"minecraft:baked_potato":7,"minecraft:shield":3,"minecraft:wooden_pickaxe":59,"minecraft:sandstone":5,"minecraft:iron_sword":18,"minecraft:rotten_flesh":7,"minecraft:cooked_chicken":2,"minecraft:iron_chestplate":1,"minecraft:torch":7,"minecraft:glow_berries":3,"minecraft:crafting_table":1,"minecraft:blast_furnace":1,"minecraft:diamond_helmet":1,"minecraft:tuff":4,"minecraft:diamond_pickaxe":1075,"minecraft:iron_pickaxe":750,"minecraft:diamond_sword":42,"minecraft:diamond_chestplate":1,"minecraft:wooden_sword":20,"minecraft:beef":1,"minecraft:furnace":1,"minecraft:bucket":2,"minecraft:cobbled_deepslate":38,"minecraft:diamond_leggings":1},"minecraft:custom":{"minecraft:interact_with_furnace":51,"minecraft:interact_with_anvil":3,"minecraft:mob_kills":23,"minecraft:interact_with_crafting_table":25,"minecraft:bell_ring":2,"minecraft:interact_with_grindstone":2,"minecraft:leave_game":4,"minecraft:time_since_death":116941,"minecraft:sleep_in_bed":1,"minecraft:climb_one_cm":356,"minecraft:time_since_rest":43086,"minecraft:sprint_one_cm":128140,"minecraft:damage_taken":475,"minecraft:walk_one_cm":324772,"minecraft:damage_blocked_by_shield":80,"minecraft:drop":66,"minecraft:damage_dealt":3754,"minecraft:swim_one_cm":2049,"minecraft:talked_to_villager":5,"minecraft:fly_one_cm":265275,"minecraft:open_chest":64,"minecraft:crouch_one_cm":24224,"minecraft:play_time":116941,"minecraft:sneak_time":10043,"minecraft:walk_under_water_one_cm":5646,"minecraft:jump":1249,"minecraft:interact_with_blast_furnace":9,"minecraft:walk_on_water_one_cm":14416,"minecraft:total_world_time":116941,"minecraft:fall_one_cm":23549},"minecraft:picked_up":{"minecraft:enchanting_table":1,"minecraft:ominous_bottle":2,"minecraft:andesite":28,"minecraft:wooden_pickaxe":1,"minecraft:potato":1,"minecraft:enchanted_book":1,"minecraft:flint":2,"minecraft:tuff":119,"minecraft:oak_log":7,"minecraft:dirt":15,"minecraft:white_banner":2,"minecraft:wooden_sword":1,"minecraft:bone":1,"minecraft:smooth_stone":8,"minecraft:cobbled_deepslate":1203,"minecraft:iron_ingot":14,"minecraft:beef":1,"minecraft:cooked_chicken":2,"minecraft:raw_iron":51,"minecraft:sandstone":19,"minecraft:sand":18,"minecraft:torch":2,"minecraft:gravel":23,"minecraft:porkchop":5,"minecraft:blast_furnace":1,"minecraft:diorite":27,"minecraft:mossy_cobblestone":2,"minecraft:arrow":1,"minecraft:rotten_flesh":13,"minecraft:diamond":227,"minecraft:crossbow":4,"minecraft:granite":44,"minecraft:coal":15,"minecraft:cobblestone":264},"minecraft:dropped":{"minecraft:gravel":23,"minecraft:cobbled_deepslate":962,"minecraft:mossy_cobblestone":2,"minecraft:diamond":64,"minecraft:tuff":115,"minecraft:crossbow":4,"minecraft:cobblestone":210,"minecraft:rotten_flesh":13,"minecraft:granite":44,"minecraft:filled_map":1,"minecraft:diamond_sword":1,"minecraft:dirt":15,"minecraft:diorite":27,"minecraft:iron_chestplate":1,"minecraft:andesite":28,"minecraft:wooden_sword":1,"minecraft:white_banner":2,"minecraft:arrow":1,"minecraft:wooden_pickaxe":1},"minecraft:crafted":{"minecraft:wooden_sword":1,"minecraft:smooth_stone":3,"minecraft:oak_planks":28,"minecraft:deepslate":4,"minecraft:diamond_sword":2,"minecraft:crafting_table":1,"minecraft:wooden_pickaxe":1,"minecraft:baked_potato":24,"minecraft:iron_sword":1,"minecraft:furnace":2,"minecraft:blast_furnace":1,"minecraft:stone":5,"minecraft:diamond_helmet":1,"minecraft:diamond_leggings":1,"minecraft:iron_chestplate":1,"minecraft:book":4,"minecraft:diamond_pickaxe":2,"minecraft:shield":1,"minecraft:stick":8,"minecraft:iron_ingot":38,"minecraft:iron_pickaxe":2,"minecraft:diamond_boots":1,"minecraft:diamond_chestplate":1}},"DataVersion":3953}