{"stats":{"minecraft:dropped":{"minecraft:gravel":12,"minecraft:cobbled_deepslate":329,"minecraft:mossy_cobblestone":1,"minecraft:tuff":39,"minecraft:crossbow":4,"minecraft:cobblestone":98,"minecraft:granite":22,"minecraft:andesite":14,"minecraft:wooden_sword":1,"minecraft:arrow":1,"minecraft:wooden_pickaxe":1},"minecraft:killed":{"minecraft:spider":1,"minecraft:skeleton":1,"minecraft:pillager":2,"minecraft:zombie":4,"minecraft:cow":1},"minecraft:custom":{"minecraft:interact_with_furnace":7,"minecraft:mob_kills":9,"minecraft:interact_with_crafting_table":8,"minecraft:leave_game":2,"minecraft:time_since_death":42949,"minecraft:time_since_rest":4972,"minecraft:sprint_one_cm":21961,"minecraft:damage_taken":192,"minecraft:walk_one_cm":127809,"minecraft:damage_blocked_by_shield":80,"minecraft:drop":22,"minecraft:damage_dealt":1629,"minecraft:fly_one_cm":17464,"minecraft:open_chest":5,"minecraft:crouch_one_cm":11838,"minecraft:play_time":42949,"minecraft:sneak_time":5303,"minecraft:walk_under_water_one_cm":43,"minecraft:jump":227,"minecraft:walk_on_water_one_cm":205,"minecraft:total_world_time":42949,"minecraft:fall_one_cm":3089},"minecraft:broken":{"minecraft:iron_pickaxe":2,"minecraft:wooden_pickaxe":1},"minecraft:used":{"minecraft:diamond_boots":1,"minecraft:wooden_pickaxe":59,"minecraft:shield":3,"minecraft:iron_sword":18,"minecraft:rotten_flesh":3,"minecraft:iron_chestplate":1,"minecraft:torch":2,"minecraft:glow_berries":3,"minecraft:crafting_table":1,"minecraft:diamond_helmet":1,"minecraft:diamond_pickaxe":222,"minecraft:iron_pickaxe":556,"minecraft:diamond_chestplate":1,"minecraft:wooden_sword":20,"minecraft:beef":1,"minecraft:furnace":1,"minecraft:cobbled_deepslate":12,"minecraft:diamond_leggings":1},"minecraft:mined":{"minecraft:tuff":39,"minecraft:mossy_cobblestone":1,"minecraft:deepslate_diamond_ore":83,"minecraft:granite":22,"minecraft:grass_block":1,"minecraft:cobblestone":1,"minecraft:diorite":27,"minecraft:iron_ore":4,"minecraft:cobbled_deepslate":3,"minecraft:andesite":14,"minecraft:coal_ore":15,"minecraft:oak_log":7,"minecraft:cave_vines":1,"minecraft:deepslate_iron_ore":10,"minecraft:gravel":7,"minecraft:dirt":14,"minecraft:stone":97,"minecraft:oak_leaves":1,"minecraft:deepslate":505},"minecraft:picked_up":{"minecraft:ominous_bottle":2,"minecraft:andesite":28,"minecraft:wooden_pickaxe":1,"minecraft:flint":1,"minecraft:tuff":78,"minecraft:oak_log":7,"minecraft:dirt":15,"minecraft:white_banner":2,"minecraft:wooden_sword":1,"minecraft:bone":1,"minecraft:cobbled_deepslate":608,"minecraft:iron_ingot":14,"minecraft:beef":1,"minecraft:raw_iron":14,"minecraft:gravel":18,"minecraft:diorite":27,"minecraft:mossy_cobblestone":2,"minecraft:arrow":1,"minecraft:rotten_flesh":2,"minecraft:diamond":83,"minecraft:crossbow":4,"minecraft:granite":44,"minecraft:coal":15,"minecraft:cobblestone":196},"minecraft:crafted":{"minecraft:wooden_sword":1,"minecraft:oak_planks":28,"minecraft:diamond_sword":1,"minecraft:crafting_table":1,"minecraft:wooden_pickaxe":1,"minecraft:iron_sword":1,"minecraft:furnace":1,"minecraft:diamond_helmet":1,"minecraft:diamond_leggings":1,"minecraft:iron_chestplate":1,"minecraft:diamond_pickaxe":1,"minecraft:shield":1,"minecraft:stick":8,"minecraft:iron_ingot":6,"minecraft:iron_pickaxe":2,"minecraft:diamond_boots":1,"minecraft:diamond_chestplate":1}},"DataVersion":3953}