{"stats":{"minecraft:dropped":{"minecraft:crossbow":4,"minecraft:wooden_sword":1,"minecraft:wooden_pickaxe":1},"minecraft:killed":{"minecraft:skeleton":1,"minecraft:pillager":2,"minecraft:zombie":3,"minecraft:spider":1,"minecraft:cow":1},"minecraft:custom":{"minecraft:time_since_rest":17974,"minecraft:interact_with_furnace":4,"minecraft:sprint_one_cm":19847,"minecraft:walk_one_cm":64848,"minecraft:damage_taken":176,"minecraft:damage_blocked_by_shield":80,"minecraft:mob_kills":8,"minecraft:drop":6,"minecraft:damage_dealt":1499,"minecraft:interact_with_crafting_table":5,"minecraft:fly_one_cm":17464,"minecraft:open_chest":4,"minecraft:crouch_one_cm":5917,"minecraft:play_time":17974,"minecraft:sneak_time":2544,"minecraft:jump":111,"minecraft:time_since_death":17974,"minecraft:total_world_time":17974,"minecraft:fall_one_cm":2274},"minecraft:broken":{"minecraft:wooden_pickaxe":1},"minecraft:used":{"minecraft:iron_pickaxe":246,"minecraft:wooden_pickaxe":59,"minecraft:shield":3,"minecraft:iron_sword":15,"minecraft:rotten_flesh":1,"minecraft:torch":2,"minecraft:iron_chestplate":1,"minecraft:glow_berries":3,"minecraft:wooden_sword":20,"minecraft:beef":1,"minecraft:crafting_table":1,"minecraft:furnace":1},"minecraft:mined":{"minecraft:tuff":31,"minecraft:mossy_cobblestone":1,"minecraft:deepslate_diamond_ore":20,"minecraft:iron_ore":4,"minecraft:andesite":14,"minecraft:deepslate_iron_ore":2,"minecraft:cave_vines":1,"minecraft:granite":22,"minecraft:coal_ore":15,"minecraft:grass_block":1,"minecraft:oak_log":7,"minecraft:dirt":14,"minecraft:stone":97,"minecraft:deepslate":63,"minecraft:diorite":27,"minecraft:oak_leaves":1},"minecraft:crafted":{"minecraft:wooden_sword":1,"minecraft:oak_planks":28,"minecraft:iron_chestplate":1,"minecraft:shield":1,"minecraft:crafting_table":1,"minecraft:stick":4,"minecraft:iron_ingot":4,"minecraft:furnace":1,"minecraft:iron_pickaxe":1,"minecraft:wooden_pickaxe":1,"minecraft:iron_sword":1},"minecraft:picked_up":{"minecraft:raw_iron":6,"minecraft:ominous_bottle":2,"minecraft:andesite":14,"minecraft:wooden_pickaxe":1,"minecraft:tuff":31,"minecraft:oak_log":7,"minecraft:mossy_cobblestone":1,"minecraft:diorite":27,"minecraft:dirt":15,"minecraft:white_banner":2,"minecraft:wooden_sword":1,"minecraft:bone":1,"minecraft:arrow":1,"minecraft:rotten_flesh":2,"minecraft:diamond":20,"minecraft:cobbled_deepslate":62,"minecraft:iron_ingot":14,"minecraft:crossbow":4,"minecraft:beef":1,"minecraft:granite":22,"minecraft:coal":15,"minecraft:cobblestone":97}},"DataVersion":3953}