{"stats":{"minecraft:dropped":{"minecraft:cooked_mutton":1},"minecraft:killed":{"minecraft:skeleton":3,"minecraft:sheep":12,"minecraft:pillager":7,"minecraft:chicken":4},"minecraft:custom":{"minecraft:interact_with_furnace":26,"minecraft:mob_kills":26,"minecraft:interact_with_crafting_table":25,"minecraft:time_since_death":65972,"minecraft:sleep_in_bed":2,"minecraft:time_since_rest":16514,"minecraft:sprint_one_cm":140194,"minecraft:damage_taken":223,"minecraft:walk_one_cm":193329,"minecraft:damage_blocked_by_shield":370,"minecraft:drop":1,"minecraft:damage_dealt":2940,"minecraft:swim_one_cm":4708,"minecraft:fly_one_cm":44985,"minecraft:open_chest":17,"minecraft:crouch_one_cm":888,"minecraft:play_time":65972,"minecraft:sneak_time":1050,"minecraft:walk_under_water_one_cm":2259,"minecraft:jump":633,"minecraft:walk_on_water_one_cm":21821,"minecraft:total_world_time":65972,"minecraft:fall_one_cm":8008},"minecraft:broken":{"minecraft:stone_pickaxe":2,"minecraft:wooden_axe":1,"minecraft:wooden_pickaxe":1},"minecraft:mined":{"minecraft:crafting_table":2,"minecraft:torch":1,"minecraft:granite":8,"minecraft:short_grass":4,"minecraft:grass_block":15,"minecraft:chest":1,"minecraft:copper_ore":7,"minecraft:cobblestone":5,"minecraft:lapis_ore":18,"minecraft:diorite":6,"minecraft:furnace":1,"minecraft:iron_ore":37,"minecraft:coal_ore":14,"minecraft:oak_log":116,"minecraft:gravel":1,"minecraft:dirt":40,"minecraft:stone":267,"minecraft:oak_leaves":67},"minecraft:used":{"minecraft:cooked_mutton":4,"minecraft:water_bucket":4,"minecraft:diorite":3,"minecraft:stone_pickaxe":275,"minecraft:oak_planks":1,"minecraft:wooden_pickaxe":59,"minecraft:chest":1,"minecraft:shield":13,"minecraft:iron_sword":28,"minecraft:cooked_chicken":1,"minecraft:torch":20,"minecraft:dirt":59,"minecraft:crafting_table":4,"minecraft:crossbow":1,"minecraft:white_bed":3,"minecraft:granite":4,"minecraft:wooden_axe":57,"minecraft:lava_bucket":9,"minecraft:apple":3,"minecraft:iron_pickaxe":47,"minecraft:stone_axe":105,"minecraft:cobblestone":37,"minecraft:furnace":2,"minecraft:bucket":14},"minecraft:crafted":{"minecraft:oak_planks":100,"minecraft:crafting_table":2,"minecraft:wooden_pickaxe":1,"minecraft:cooked_chicken":1,"minecraft:iron_sword":1,"minecraft:furnace":1,"minecraft:bucket":1,"minecraft:stone_axe":1,"minecraft:cooked_mutton":9,"minecraft:air":0,"minecraft:iron_boots":1,"minecraft:iron_chestplate":1,"minecraft:charcoal":47,"minecraft:shield":1,"minecraft:stick":20,"minecraft:iron_ingot":12,"minecraft:iron_pickaxe":1,"minecraft:stone_pickaxe":5,"minecraft:wooden_axe":1,"minecraft:chest":1,"minecraft:iron_leggings":1,"minecraft:white_bed":3,"minecraft:torch":20},"minecraft:picked_up":{"minecraft:crafting_table":2,"minecraft:feather":2,"minecraft:chicken":4,"minecraft:oak_log":114,"minecraft:lapis_lazuli":114,"minecraft:dirt":69,"minecraft:raw_copper":16,"minecraft:cooked_mutton":1,"minecraft:bone":3,"minecraft:apple":3,"minecraft:bow":1,"minecraft:iron_ingot":17,"minecraft:poppy":2,"minecraft:light_gray_wool":1,"minecraft:chest":1,"minecraft:furnace":1,"minecraft:egg":1,"minecraft:stick":7,"minecraft:raw_iron":37,"minecraft:gravel":1,"minecraft:diorite":6,"minecraft:crossbow":1,"minecraft:granite":8,"minecraft:oak_sapling":25,"minecraft:dark_oak_fence":13,"minecraft:mutton":15,"minecraft:coal":14,"minecraft:white_wool":12,"minecraft:cobblestone":269}},"DataVersion":3953}