{"stats":{"minecraft:killed":{"minecraft:skeleton":2,"minecraft:sheep":12,"minecraft:pillager":4,"minecraft:chicken":4},"minecraft:custom":{"minecraft:interact_with_furnace":25,"minecraft:mob_kills":22,"minecraft:interact_with_crafting_table":23,"minecraft:time_since_death":53972,"minecraft:sleep_in_bed":2,"minecraft:time_since_rest":4514,"minecraft:sprint_one_cm":114839,"minecraft:damage_taken":207,"minecraft:walk_one_cm":134566,"minecraft:damage_blocked_by_shield":170,"minecraft:damage_dealt":2040,"minecraft:swim_one_cm":4708,"minecraft:fly_one_cm":32648,"minecraft:open_chest":17,"minecraft:crouch_one_cm":294,"minecraft:play_time":53972,"minecraft:sneak_time":851,"minecraft:walk_under_water_one_cm":1388,"minecraft:jump":512,"minecraft:walk_on_water_one_cm":18661,"minecraft:total_world_time":53972,"minecraft:fall_one_cm":5082},"minecraft:broken":{"minecraft:stone_pickaxe":2,"minecraft:wooden_axe":1,"minecraft:wooden_pickaxe":1},"minecraft:mined":{"minecraft:crafting_table":2,"minecraft:torch":1,"minecraft:granite":8,"minecraft:short_grass":4,"minecraft:grass_block":13,"minecraft:chest":1,"minecraft:copper_ore":7,"minecraft:lapis_ore":18,"minecraft:diorite":6,"minecraft:furnace":1,"minecraft:iron_ore":37,"minecraft:coal_ore":14,"minecraft:oak_log":116,"minecraft:gravel":1,"minecraft:dirt":40,"minecraft:stone":260,"minecraft:oak_leaves":67},"minecraft:used":{"minecraft:cooked_mutton":3,"minecraft:diorite":3,"minecraft:stone_pickaxe":262,"minecraft:oak_planks":1,"minecraft:wooden_pickaxe":59,"minecraft:chest":1,"minecraft:shield":6,"minecraft:iron_sword":14,"minecraft:cooked_chicken":1,"minecraft:torch":20,"minecraft:dirt":58,"minecraft:crafting_table":3,"minecraft:crossbow":1,"minecraft:white_bed":3,"minecraft:granite":4,"minecraft:wooden_axe":57,"minecraft:apple":3,"minecraft:iron_pickaxe":47,"minecraft:stone_axe":105,"minecraft:cobblestone":25,"minecraft:furnace":2},"minecraft:crafted":{"minecraft:oak_planks":100,"minecraft:crafting_table":1,"minecraft:wooden_pickaxe":1,"minecraft:cooked_chicken":1,"minecraft:iron_sword":1,"minecraft:furnace":1,"minecraft:stone_axe":1,"minecraft:cooked_mutton":9,"minecraft:air":0,"minecraft:iron_boots":1,"minecraft:iron_chestplate":1,"minecraft:charcoal":47,"minecraft:shield":1,"minecraft:stick":20,"minecraft:iron_ingot":12,"minecraft:iron_pickaxe":1,"minecraft:stone_pickaxe":5,"minecraft:wooden_axe":1,"minecraft:chest":1,"minecraft:iron_leggings":1,"minecraft:white_bed":3,"minecraft:torch":20},"minecraft:picked_up":{"minecraft:crafting_table":2,"minecraft:feather":2,"minecraft:chicken":4,"minecraft:oak_log":114,"minecraft:lapis_lazuli":114,"minecraft:dirt":67,"minecraft:raw_copper":16,"minecraft:bone":2,"minecraft:apple":3,"minecraft:bow":1,"minecraft:iron_ingot":14,"minecraft:light_gray_wool":1,"minecraft:chest":1,"minecraft:furnace":1,"minecraft:egg":1,"minecraft:stick":7,"minecraft:raw_iron":37,"minecraft:gravel":1,"minecraft:diorite":6,"minecraft:crossbow":1,"minecraft:granite":8,"minecraft:oak_sapling":25,"minecraft:dark_oak_fence":13,"minecraft:mutton":15,"minecraft:coal":14,"minecraft:white_wool":12,"minecraft:cobblestone":260}},"DataVersion":3953}