{"stats":{"minecraft:dropped":{"minecraft:cooked_mutton":1},"minecraft:killed":{"minecraft:spider":2,"minecraft:skeleton":5,"minecraft:sheep":13,"minecraft:pillager":7,"minecraft:zombie":4,"minecraft:chicken":4,"minecraft:cow":1},"minecraft:custom":{"minecraft:interact_with_furnace":26,"minecraft:mob_kills":37,"minecraft:interact_with_crafting_table":27,"minecraft:time_since_death":89972,"minecraft:sleep_in_bed":3,"minecraft:time_since_rest":23309,"minecraft:sprint_one_cm":184683,"minecraft:damage_taken":519,"minecraft:walk_one_cm":295733,"minecraft:damage_blocked_by_shield":780,"minecraft:drop":1,"minecraft:damage_dealt":4574,"minecraft:swim_one_cm":98479,"minecraft:fly_one_cm":74528,"minecraft:open_chest":17,"minecraft:crouch_one_cm":940,"minecraft:play_time":89972,"minecraft:sneak_time":1186,"minecraft:walk_under_water_one_cm":14409,"minecraft:jump":905,"minecraft:walk_on_water_one_cm":29578,"minecraft:total_world_time":89972,"minecraft:fall_one_cm":15107},"minecraft:broken":{"minecraft:stone_pickaxe":2,"minecraft:wooden_axe":1,"minecraft:wooden_pickaxe":1},"minecraft:used":{"minecraft:wheat_seeds":2,"minecraft:cooked_mutton":9,"minecraft:water_bucket":10,"minecraft:diorite":3,"minecraft:stone_pickaxe":296,"minecraft:oak_planks":1,"minecraft:wooden_pickaxe":59,"minecraft:chest":1,"minecraft:shield":28,"minecraft:iron_sword":67,"minecraft:cooked_chicken":1,"minecraft:oak_door":7,"minecraft:torch":68,"minecraft:dirt":59,"minecraft:crafting_table":5,"minecraft:crossbow":1,"minecraft:white_bed":3,"minecraft:granite":4,"minecraft:wooden_axe":57,"minecraft:lava_bucket":11,"minecraft:apple":3,"minecraft:iron_pickaxe":158,"minecraft:stone_axe":111,"minecraft:cobblestone":37,"minecraft:furnace":2,"minecraft:bucket":21},"minecraft:mined":{"minecraft:deepslate_redstone_ore":4,"minecraft:tuff":9,"minecraft:deepslate_diamond_ore":8,"minecraft:oak_door":6,"minecraft:crafting_table":2,"minecraft:torch":1,"minecraft:granite":8,"minecraft:short_grass":8,"minecraft:grass_block":22,"minecraft:chest":1,"minecraft:copper_ore":7,"minecraft:cobblestone":5,"minecraft:deepslate_gold_ore":23,"minecraft:lapis_ore":18,"minecraft:oak_planks":2,"minecraft:diorite":6,"minecraft:redstone_ore":6,"minecraft:furnace":1,"minecraft:iron_ore":39,"minecraft:andesite":2,"minecraft:coal_ore":14,"minecraft:oak_log":116,"minecraft:deepslate_iron_ore":53,"minecraft:gravel":1,"minecraft:dirt":40,"minecraft:stone":268,"minecraft:deepslate":24,"minecraft:oak_leaves":67},"minecraft:crafted":{"minecraft:oak_door":3,"minecraft:oak_planks":100,"minecraft:crafting_table":3,"minecraft:wooden_pickaxe":1,"minecraft:cooked_chicken":1,"minecraft:iron_sword":1,"minecraft:furnace":1,"minecraft:bucket":1,"minecraft:stone_axe":1,"minecraft:cooked_mutton":9,"minecraft:air":0,"minecraft:iron_boots":1,"minecraft:iron_chestplate":1,"minecraft:charcoal":47,"minecraft:shield":1,"minecraft:stick":36,"minecraft:iron_ingot":12,"minecraft:iron_pickaxe":1,"minecraft:stone_pickaxe":5,"minecraft:wooden_axe":1,"minecraft:chest":1,"minecraft:iron_leggings":1,"minecraft:white_bed":3,"minecraft:torch":76},"minecraft:picked_up":{"minecraft:crafting_table":2,"minecraft:feather":2,"minecraft:chicken":4,"minecraft:andesite":2,"minecraft:leather":2,"minecraft:tuff":7,"minecraft:oak_log":114,"minecraft:string":1,"minecraft:lapis_lazuli":114,"minecraft:dirt":85,"minecraft:raw_copper":16,"minecraft:cooked_mutton":1,"minecraft:bone":7,"minecraft:apple":3,"minecraft:bow":1,"minecraft:wheat_seeds":2,"minecraft:cobbled_deepslate":28,"minecraft:raw_gold":23,"minecraft:beef":3,"minecraft:iron_ingot":17,"minecraft:poppy":2,"minecraft:light_gray_wool":1,"minecraft:chest":1,"minecraft:oak_planks":2,"minecraft:furnace":1,"minecraft:egg":1,"minecraft:stick":7,"minecraft:raw_iron":89,"minecraft:oak_door":6,"minecraft:gravel":1,"minecraft:diorite":6,"minecraft:redstone":35,"minecraft:arrow":2,"minecraft:rotten_flesh":2,"minecraft:diamond":8,"minecraft:crossbow":1,"minecraft:granite":8,"minecraft:oak_sapling":25,"minecraft:dark_oak_fence":13,"minecraft:mutton":15,"minecraft:coal":14,"minecraft:white_wool":12,"minecraft:cobblestone":270}},"DataVersion":3953}