{"stats":{"minecraft:dropped":{"minecraft:golden_boots":1,"minecraft:cooked_mutton":1},"minecraft:killed":{"minecraft:spider":2,"minecraft:skeleton":6,"minecraft:sheep":13,"minecraft:pillager":16,"minecraft:zombie":6,"minecraft:chicken":4,"minecraft:cow":1},"minecraft:custom":{"minecraft:interact_with_furnace":51,"minecraft:interact_with_anvil":1,"minecraft:mob_kills":49,"minecraft:interact_with_crafting_table":45,"minecraft:time_since_death":137972,"minecraft:sleep_in_bed":6,"minecraft:climb_one_cm":186,"minecraft:time_since_rest":7757,"minecraft:sprint_one_cm":306830,"minecraft:damage_taken":861,"minecraft:walk_one_cm":423924,"minecraft:damage_blocked_by_shield":1172,"minecraft:drop":2,"minecraft:damage_dealt":7323,"minecraft:swim_one_cm":106398,"minecraft:fly_one_cm":184889,"minecraft:open_chest":61,"minecraft:crouch_one_cm":953,"minecraft:play_time":137972,"minecraft:sneak_time":1249,"minecraft:walk_under_water_one_cm":15735,"minecraft:jump":1501,"minecraft:walk_on_water_one_cm":30861,"minecraft:fish_caught":13,"minecraft:total_world_time":137972,"minecraft:fall_one_cm":32400},"minecraft:broken":{"minecraft:stone_pickaxe":2,"minecraft:wooden_axe":1,"minecraft:wooden_pickaxe":1},"minecraft:used":{"minecraft:wheat_seeds":3,"minecraft:cooked_mutton":12,"minecraft:water_bucket":10,"minecraft:diorite":3,"minecraft:stone_pickaxe":304,"minecraft:oak_planks":1,"minecraft:wooden_pickaxe":59,"minecraft:chest":4,"minecraft:shield":40,"minecraft:iron_sword":78,"minecraft:sugar_cane":7,"minecraft:cooked_chicken":1,"minecraft:oak_door":7,"minecraft:torch":76,"minecraft:dirt":73,"minecraft:white_carpet":9,"minecraft:crafting_table":5,"minecraft:carrot":1,"minecraft:crossbow":1,"minecraft:white_bed":4,"minecraft:granite":4,"minecraft:wooden_axe":57,"minecraft:lava_bucket":11,"minecraft:apple":3,"minecraft:iron_pickaxe":185,"minecraft:iron_helmet":1,"minecraft:fishing_rod":26,"minecraft:stone_axe":111,"minecraft:diamond_sword":48,"minecraft:cobblestone":40,"minecraft:furnace":2,"minecraft:bucket":21,"minecraft:cooked_beef":3},"minecraft:mined":{"minecraft:deepslate_redstone_ore":8,"minecraft:tuff":10,"minecraft:deepslate_diamond_ore":9,"minecraft:oak_door":6,"minecraft:crafting_table":2,"minecraft:torch":1,"minecraft:granite":8,"minecraft:short_grass":37,"minecraft:grass_block":38,"minecraft:chest":1,"minecraft:tall_grass":14,"minecraft:copper_ore":7,"minecraft:cobblestone":6,"minecraft:sugar_cane":7,"minecraft:deepslate_gold_ore":34,"minecraft:lapis_ore":18,"minecraft:oak_planks":2,"minecraft:diorite":6,"minecraft:spawner":1,"minecraft:redstone_ore":6,"minecraft:furnace":1,"minecraft:iron_ore":39,"minecraft:white_carpet":4,"minecraft:andesite":2,"minecraft:coal_ore":14,"minecraft:oak_log":125,"minecraft:deepslate_iron_ore":57,"minecraft:gravel":1,"minecraft:dirt":77,"minecraft:stone":268,"minecraft:deepslate":36,"minecraft:oak_leaves":69},"minecraft:crafted":{"minecraft:cooked_beef":3,"minecraft:oak_door":3,"minecraft:oak_planks":100,"minecraft:diamond_sword":1,"minecraft:fishing_rod":1,"minecraft:crafting_table":3,"minecraft:iron_helmet":1,"minecraft:wooden_pickaxe":1,"minecraft:cooked_chicken":1,"minecraft:iron_sword":1,"minecraft:furnace":1,"minecraft:bucket":1,"minecraft:stone_axe":1,"minecraft:white_carpet":6,"minecraft:cooked_mutton":12,"minecraft:air":0,"minecraft:iron_boots":1,"minecraft:iron_chestplate":1,"minecraft:diamond_pickaxe":1,"minecraft:charcoal":47,"minecraft:shield":1,"minecraft:stick":44,"minecraft:iron_ingot":93,"minecraft:iron_pickaxe":3,"minecraft:stone_pickaxe":5,"minecraft:wooden_axe":1,"minecraft:iron_shovel":1,"minecraft:chest":3,"minecraft:gold_ingot":34,"minecraft:iron_leggings":1,"minecraft:white_bed":4,"minecraft:torch":76,"minecraft:shears":1,"minecraft:golden_boots":4},"minecraft:picked_up":{"minecraft:ominous_bottle":2,"minecraft:crafting_table":2,"minecraft:feather":2,"minecraft:chicken":4,"minecraft:salmon":1,"minecraft:andesite":2,"minecraft:leather":3,"minecraft:tuff":8,"minecraft:lily_pad":1,"minecraft:oak_log":123,"minecraft:white_banner":1,"minecraft:string":1,"minecraft:lapis_lazuli":114,"minecraft:dirt":112,"minecraft:raw_copper":16,"minecraft:white_carpet":3,"minecraft:cooked_mutton":1,"minecraft:pufferfish":3,"minecraft:bone":8,"minecraft:apple":3,"minecraft:bow":2,"minecraft:wheat_seeds":7,"minecraft:cobbled_deepslate":40,"minecraft:raw_gold":34,"minecraft:beef":3,"minecraft:iron_ingot":17,"minecraft:diamond_helmet":1,"minecraft:poppy":2,"minecraft:light_gray_wool":1,"minecraft:sugar_cane":7,"minecraft:chest":1,"minecraft:oak_planks":2,"minecraft:furnace":1,"minecraft:egg":1,"minecraft:stick":9,"minecraft:raw_iron":93,"minecraft:oak_door":6,"minecraft:bowl":1,"minecraft:gravel":1,"minecraft:diorite":6,"minecraft:carrot":1,"minecraft:redstone":55,"minecraft:arrow":2,"minecraft:rotten_flesh":3,"minecraft:diamond":9,"minecraft:crossbow":1,"minecraft:granite":8,"minecraft:cod":9,"minecraft:oak_sapling":25,"minecraft:dark_oak_fence":13,"minecraft:mutton":15,"minecraft:coal":14,"minecraft:white_wool":24,"minecraft:cobblestone":271,"minecraft:nautilus_shell":1}},"DataVersion":3953}