{"stats":{"minecraft:killed":{"minecraft:sheep":2,"minecraft:chicken":1},"minecraft:custom":{"minecraft:time_since_rest":17972,"minecraft:interact_with_furnace":6,"minecraft:sprint_one_cm":33345,"minecraft:damage_taken":70,"minecraft:walk_one_cm":34853,"minecraft:mob_kills":3,"minecraft:damage_dealt":275,"minecraft:interact_with_crafting_table":6,"minecraft:swim_one_cm":4708,"minecraft:fly_one_cm":12637,"minecraft:open_chest":2,"minecraft:crouch_one_cm":256,"minecraft:play_time":17972,"minecraft:sneak_time":614,"minecraft:walk_under_water_one_cm":1276,"minecraft:jump":150,"minecraft:time_since_death":17972,"minecraft:walk_on_water_one_cm":5905,"minecraft:total_world_time":17972,"minecraft:fall_one_cm":2067},"minecraft:mined":{"minecraft:furnace":1,"minecraft:iron_ore":6,"minecraft:crafting_table":2,"minecraft:short_grass":1,"minecraft:grass_block":6,"minecraft:oak_log":27,"minecraft:dirt":39,"minecraft:lapis_ore":8,"minecraft:stone":91,"minecraft:oak_leaves":21},"minecraft:used":{"minecraft:cooked_mutton":2,"minecraft:wooden_axe":9,"minecraft:stone_pickaxe":60,"minecraft:iron_pickaxe":8,"minecraft:oak_planks":1,"minecraft:chest":1,"minecraft:wooden_pickaxe":49,"minecraft:dirt":41,"minecraft:crafting_table":3,"minecraft:furnace":2},"minecraft:crafted":{"minecraft:oak_planks":100,"minecraft:shield":1,"minecraft:crafting_table":1,"minecraft:stick":12,"minecraft:cooked_chicken":1,"minecraft:iron_pickaxe":1,"minecraft:iron_ingot":6,"minecraft:wooden_pickaxe":1,"minecraft:stone_pickaxe":1,"minecraft:wooden_axe":1,"minecraft:chest":1,"minecraft:furnace":1,"minecraft:stone_axe":1,"minecraft:cooked_mutton":2,"minecraft:air":0},"minecraft:picked_up":{"minecraft:raw_iron":6,"minecraft:stick":1,"minecraft:crafting_table":2,"minecraft:chicken":1,"minecraft:oak_log":25,"minecraft:lapis_lazuli":52,"minecraft:dirt":45,"minecraft:oak_sapling":2,"minecraft:mutton":2,"minecraft:white_wool":2,"minecraft:cobblestone":91,"minecraft:furnace":1}},"DataVersion":3953}