{"stats":{"minecraft:broken":{"minecraft:wooden_pickaxe":1,"minecraft:stone_pickaxe":2,"minecraft:shield":1,"minecraft:wooden_axe":1,"minecraft:fishing_rod":1},"minecraft:custom":{"minecraft:mob_kills":58,"minecraft:interact_with_anvil":4,"minecraft:interact_with_crafting_table":51,"minecraft:leave_game":2,"minecraft:time_since_death":262958,"minecraft:climb_one_cm":186,"minecraft:sprint_one_cm":406441,"minecraft:walk_one_cm":542529,"minecraft:damage_blocked_by_shield":3362,"minecraft:drop":6,"minecraft:play_time":262958,"minecraft:sneak_time":1334,"minecraft:walk_under_water_one_cm":20676,"minecraft:jump":2111,"minecraft:interact_with_blast_furnace":1,"minecraft:walk_on_water_one_cm":36553,"minecraft:total_world_time":262958,"minecraft:interact_with_furnace":62,"minecraft:sleep_in_bed":15,"minecraft:time_since_rest":13002,"minecraft:damage_taken":1462,"minecraft:damage_dealt":9448,"minecraft:swim_one_cm":127585,"minecraft:fly_one_cm":286564,"minecraft:open_chest":92,"minecraft:crouch_one_cm":1146,"minecraft:fish_caught":161,"minecraft:fall_one_cm":47525},"minecraft:mined":{"minecraft:tuff":10,"minecraft:deepslate_diamond_ore":9,"minecraft:oak_door":6,"minecraft:granite":8,"minecraft:grass_block":41,"minecraft:spawner":1,"minecraft:redstone_ore":6,"minecraft:furnace":1,"minecraft:iron_ore":39,"minecraft:andesite":2,"minecraft:deepslate_iron_ore":57,"minecraft:stone":268,"minecraft:deepslate_redstone_ore":8,"minecraft:crafting_table":2,"minecraft:torch":1,"minecraft:short_grass":52,"minecraft:chest":1,"minecraft:copper_ore":7,"minecraft:tall_grass":16,"minecraft:cobblestone":6,"minecraft:deepslate_gold_ore":34,"minecraft:lapis_ore":18,"minecraft:oak_planks":2,"minecraft:sugar_cane":80,"minecraft:diorite":6,"minecraft:white_carpet":4,"minecraft:oak_log":125,"minecraft:coal_ore":14,"minecraft:gravel":1,"minecraft:dirt":79,"minecraft:oak_leaves":69,"minecraft:deepslate":36},"minecraft:crafted":{"minecraft:oak_door":3,"minecraft:oak_planks":136,"minecraft:fishing_rod":5,"minecraft:cooked_chicken":1,"minecraft:furnace":1,"minecraft:white_carpet":6,"minecraft:cooked_mutton":12,"minecraft:iron_boots":1,"minecraft:stone_pickaxe":5,"minecraft:chest":3,"minecraft:golden_boots":4,"minecraft:cooked_beef":3,"minecraft:cooked_cod":9,"minecraft:diamond_sword":1,"minecraft:crafting_table":4,"minecraft:wooden_pickaxe":1,"minecraft:iron_helmet":1,"minecraft:iron_sword":1,"minecraft:bucket":1,"minecraft:stone_axe":1,"minecraft:air":0,"minecraft:iron_chestplate":1,"minecraft:charcoal":47,"minecraft:diamond_pickaxe":1,"minecraft:shield":2,"minecraft:stick":56,"minecraft:iron_ingot":93,"minecraft:iron_pickaxe":3,"minecraft:wooden_axe":1,"minecraft:iron_leggings":1,"minecraft:iron_shovel":1,"minecraft:gold_ingot":34,"minecraft:white_bed":4,"minecraft:torch":76,"minecraft:shears":1},"minecraft:dropped":{"minecraft:golden_boots":2,"minecraft:fishing_rod":3,"minecraft:cooked_mutton":1},"minecraft:killed":{"minecraft:spider":2,"minecraft:skeleton":6,"minecraft:chicken":4,"minecraft:sheep":13,"minecraft:pillager":23,"minecraft:zombie":6,"minecraft:cow":1},"minecraft:used":{"minecraft:chest":4,"minecraft:shield":85,"minecraft:iron_sword":89,"minecraft:cooked_chicken":1,"minecraft:oak_door":7,"minecraft:torch":76,"minecraft:dirt":76,"minecraft:white_carpet":9,"minecraft:carrot":12,"minecraft:granite":4,"minecraft:wooden_axe":57,"minecraft:lava_bucket":11,"minecraft:iron_helmet":1,"minecraft:furnace":2,"minecraft:cooked_cod":9,"minecraft:cooked_beef":3,"minecraft:wheat_seeds":3,"minecraft:cooked_mutton":12,"minecraft:water_bucket":10,"minecraft:diorite":3,"minecraft:stone_pickaxe":304,"minecraft:oak_planks":1,"minecraft:wooden_pickaxe":59,"minecraft:sugar_cane":9,"minecraft:crafting_table":6,"minecraft:crossbow":1,"minecraft:white_bed":4,"minecraft:apple":3,"minecraft:iron_pickaxe":185,"minecraft:stone_axe":111,"minecraft:fishing_rod":277,"minecraft:diamond_sword":72,"minecraft:cobblestone":40,"minecraft:bucket":21},"minecraft:picked_up":{"minecraft:fishing_rod":3,"minecraft:crafting_table":2,"minecraft:ominous_bottle":2,"minecraft:chicken":4,"minecraft:enchanted_book":1,"minecraft:potion":1,"minecraft:string":1,"minecraft:raw_copper":16,"minecraft:white_carpet":3,"minecraft:pufferfish":15,"minecraft:cobbled_deepslate":40,"minecraft:beef":3,"minecraft:poppy":2,"minecraft:light_gray_wool":1,"minecraft:sugar_cane":143,"minecraft:chest":1,"minecraft:egg":1,"minecraft:furnace":1,"minecraft:stick":11,"minecraft:raw_iron":93,"minecraft:oak_door":6,"minecraft:bowl":3,"minecraft:diorite":6,"minecraft:carrot":1,"minecraft:redstone":55,"minecraft:arrow":2,"minecraft:rotten_flesh":5,"minecraft:tropical_fish":3,"minecraft:saddle":1,"minecraft:mutton":15,"minecraft:cod":107,"minecraft:white_wool":24,"minecraft:cobblestone":271,"minecraft:nautilus_shell":2,"minecraft:feather":2,"minecraft:tripwire_hook":3,"minecraft:andesite":2,"minecraft:salmon":35,"minecraft:leather":10,"minecraft:potato":3,"minecraft:tuff":8,"minecraft:oak_log":123,"minecraft:lily_pad":2,"minecraft:dirt":117,"minecraft:lapis_lazuli":114,"minecraft:white_banner":1,"minecraft:name_tag":1,"minecraft:leather_boots":1,"minecraft:cooked_mutton":1,"minecraft:bone":10,"minecraft:apple":3,"minecraft:bow":2,"minecraft:wheat_seeds":9,"minecraft:raw_gold":34,"minecraft:iron_ingot":49,"minecraft:diamond_helmet":1,"minecraft:oak_planks":2,"minecraft:gravel":1,"minecraft:diamond":9,"minecraft:granite":8,"minecraft:crossbow":2,"minecraft:oak_sapling":25,"minecraft:dark_oak_fence":13,"minecraft:coal":14}},"DataVersion":3953}