{"stats":{"minecraft:dropped":{"minecraft:golden_boots":2,"minecraft:cooked_mutton":1},"minecraft:killed":{"minecraft:spider":2,"minecraft:skeleton":6,"minecraft:chicken":4,"minecraft:sheep":13,"minecraft:pillager":19,"minecraft:zombie":6,"minecraft:cow":1},"minecraft:custom":{"minecraft:mob_kills":53,"minecraft:interact_with_anvil":1,"minecraft:interact_with_crafting_table":46,"minecraft:time_since_death":173972,"minecraft:climb_one_cm":186,"minecraft:sprint_one_cm":338832,"minecraft:walk_one_cm":457973,"minecraft:damage_blocked_by_shield":1522,"minecraft:drop":3,"minecraft:play_time":173972,"minecraft:sneak_time":1249,"minecraft:walk_under_water_one_cm":17086,"minecraft:jump":1736,"minecraft:walk_on_water_one_cm":32395,"minecraft:total_world_time":173972,"minecraft:interact_with_furnace":53,"minecraft:sleep_in_bed":10,"minecraft:time_since_rest":1011,"minecraft:damage_taken":920,"minecraft:damage_dealt":7823,"minecraft:swim_one_cm":109796,"minecraft:fly_one_cm":219131,"minecraft:open_chest":62,"minecraft:crouch_one_cm":953,"minecraft:fish_caught":45,"minecraft:fall_one_cm":37565},"minecraft:broken":{"minecraft:wooden_pickaxe":1,"minecraft:stone_pickaxe":2,"minecraft:wooden_axe":1,"minecraft:fishing_rod":1},"minecraft:used":{"minecraft:chest":4,"minecraft:shield":52,"minecraft:iron_sword":89,"minecraft:cooked_chicken":1,"minecraft:oak_door":7,"minecraft:torch":76,"minecraft:dirt":76,"minecraft:white_carpet":9,"minecraft:carrot":1,"minecraft:granite":4,"minecraft:wooden_axe":57,"minecraft:lava_bucket":11,"minecraft:iron_helmet":1,"minecraft:furnace":2,"minecraft:cooked_cod":3,"minecraft:cooked_beef":3,"minecraft:wheat_seeds":3,"minecraft:cooked_mutton":12,"minecraft:water_bucket":10,"minecraft:diorite":3,"minecraft:stone_pickaxe":304,"minecraft:oak_planks":1,"minecraft:wooden_pickaxe":59,"minecraft:sugar_cane":7,"minecraft:crafting_table":5,"minecraft:crossbow":1,"minecraft:white_bed":4,"minecraft:apple":3,"minecraft:iron_pickaxe":185,"minecraft:stone_axe":111,"minecraft:diamond_sword":48,"minecraft:fishing_rod":96,"minecraft:cobblestone":40,"minecraft:bucket":21},"minecraft:mined":{"minecraft:tuff":10,"minecraft:deepslate_diamond_ore":9,"minecraft:oak_door":6,"minecraft:granite":8,"minecraft:grass_block":41,"minecraft:spawner":1,"minecraft:redstone_ore":6,"minecraft:furnace":1,"minecraft:iron_ore":39,"minecraft:andesite":2,"minecraft:deepslate_iron_ore":57,"minecraft:stone":268,"minecraft:deepslate_redstone_ore":8,"minecraft:crafting_table":2,"minecraft:torch":1,"minecraft:short_grass":40,"minecraft:chest":1,"minecraft:copper_ore":7,"minecraft:tall_grass":14,"minecraft:cobblestone":6,"minecraft:lapis_ore":18,"minecraft:deepslate_gold_ore":34,"minecraft:oak_planks":2,"minecraft:sugar_cane":7,"minecraft:diorite":6,"minecraft:white_carpet":4,"minecraft:oak_log":125,"minecraft:coal_ore":14,"minecraft:gravel":1,"minecraft:dirt":78,"minecraft:oak_leaves":69,"minecraft:deepslate":36},"minecraft:crafted":{"minecraft:oak_door":3,"minecraft:oak_planks":100,"minecraft:fishing_rod":2,"minecraft:cooked_chicken":1,"minecraft:furnace":1,"minecraft:white_carpet":6,"minecraft:cooked_mutton":12,"minecraft:iron_boots":1,"minecraft:stone_pickaxe":5,"minecraft:chest":3,"minecraft:golden_boots":4,"minecraft:cooked_beef":3,"minecraft:cooked_cod":3,"minecraft:diamond_sword":1,"minecraft:crafting_table":3,"minecraft:wooden_pickaxe":1,"minecraft:iron_helmet":1,"minecraft:iron_sword":1,"minecraft:bucket":1,"minecraft:stone_axe":1,"minecraft:air":0,"minecraft:iron_chestplate":1,"minecraft:charcoal":47,"minecraft:diamond_pickaxe":1,"minecraft:shield":1,"minecraft:stick":44,"minecraft:iron_ingot":93,"minecraft:iron_pickaxe":3,"minecraft:wooden_axe":1,"minecraft:iron_leggings":1,"minecraft:iron_shovel":1,"minecraft:gold_ingot":34,"minecraft:white_bed":4,"minecraft:torch":76,"minecraft:shears":1},"minecraft:picked_up":{"minecraft:crafting_table":2,"minecraft:ominous_bottle":2,"minecraft:chicken":4,"minecraft:potion":1,"minecraft:string":1,"minecraft:raw_copper":16,"minecraft:white_carpet":3,"minecraft:pufferfish":6,"minecraft:cobbled_deepslate":40,"minecraft:beef":3,"minecraft:poppy":2,"minecraft:light_gray_wool":1,"minecraft:sugar_cane":7,"minecraft:chest":1,"minecraft:egg":1,"minecraft:furnace":1,"minecraft:raw_iron":93,"minecraft:stick":10,"minecraft:oak_door":6,"minecraft:bowl":2,"minecraft:diorite":6,"minecraft:carrot":1,"minecraft:redstone":55,"minecraft:arrow":2,"minecraft:rotten_flesh":3,"minecraft:tropical_fish":1,"minecraft:mutton":15,"minecraft:cod":28,"minecraft:white_wool":24,"minecraft:cobblestone":271,"minecraft:nautilus_shell":1,"minecraft:feather":2,"minecraft:tripwire_hook":2,"minecraft:andesite":2,"minecraft:salmon":10,"minecraft:leather":6,"minecraft:tuff":8,"minecraft:oak_log":123,"minecraft:lily_pad":1,"minecraft:dirt":116,"minecraft:lapis_lazuli":114,"minecraft:white_banner":1,"minecraft:leather_boots":1,"minecraft:cooked_mutton":1,"minecraft:bone":10,"minecraft:apple":3,"minecraft:bow":2,"minecraft:wheat_seeds":8,"minecraft:raw_gold":34,"minecraft:iron_ingot":17,"minecraft:diamond_helmet":1,"minecraft:oak_planks":2,"minecraft:gravel":1,"minecraft:diamond":9,"minecraft:granite":8,"minecraft:crossbow":1,"minecraft:oak_sapling":25,"minecraft:dark_oak_fence":13,"minecraft:coal":14}},"DataVersion":3953}