{"stats":{"minecraft:killed":{"minecraft:sheep":9,"minecraft:chicken":4},"minecraft:custom":{"minecraft:time_since_rest":29972,"minecraft:interact_with_furnace":9,"minecraft:sprint_one_cm":69799,"minecraft:damage_taken":70,"minecraft:walk_one_cm":65459,"minecraft:mob_kills":13,"minecraft:damage_dealt":955,"minecraft:interact_with_crafting_table":10,"minecraft:swim_one_cm":4708,"minecraft:fly_one_cm":19532,"minecraft:open_chest":6,"minecraft:crouch_one_cm":256,"minecraft:play_time":29972,"minecraft:sneak_time":733,"minecraft:walk_under_water_one_cm":1276,"minecraft:jump":256,"minecraft:time_since_death":29972,"minecraft:walk_on_water_one_cm":5905,"minecraft:total_world_time":29972,"minecraft:fall_one_cm":3112},"minecraft:broken":{"minecraft:stone_pickaxe":1,"minecraft:wooden_axe":1,"minecraft:wooden_pickaxe":1},"minecraft:mined":{"minecraft:furnace":1,"minecraft:iron_ore":12,"minecraft:crafting_table":2,"minecraft:short_grass":2,"minecraft:grass_block":12,"minecraft:oak_log":104,"minecraft:dirt":39,"minecraft:lapis_ore":8,"minecraft:stone":167,"minecraft:diorite":3,"minecraft:oak_leaves":54},"minecraft:used":{"minecraft:cooked_mutton":2,"minecraft:wooden_axe":57,"minecraft:diorite":3,"minecraft:stone_pickaxe":131,"minecraft:iron_pickaxe":18,"minecraft:oak_planks":1,"minecraft:chest":1,"minecraft:wooden_pickaxe":59,"minecraft:stone_axe":74,"minecraft:dirt":45,"minecraft:crafting_table":3,"minecraft:furnace":2},"minecraft:crafted":{"minecraft:oak_planks":100,"minecraft:iron_chestplate":1,"minecraft:shield":1,"minecraft:crafting_table":1,"minecraft:stick":12,"minecraft:cooked_chicken":1,"minecraft:iron_pickaxe":1,"minecraft:iron_ingot":12,"minecraft:wooden_pickaxe":1,"minecraft:stone_pickaxe":2,"minecraft:wooden_axe":1,"minecraft:chest":1,"minecraft:furnace":1,"minecraft:stone_axe":1,"minecraft:cooked_mutton":2,"minecraft:air":0},"minecraft:picked_up":{"minecraft:feather":2,"minecraft:raw_iron":12,"minecraft:stick":1,"minecraft:crafting_table":2,"minecraft:chicken":4,"minecraft:oak_log":102,"minecraft:diorite":3,"minecraft:lapis_lazuli":52,"minecraft:dirt":51,"minecraft:oak_sapling":9,"minecraft:mutton":11,"minecraft:egg":1,"minecraft:white_wool":10,"minecraft:cobblestone":167,"minecraft:furnace":1}},"DataVersion":3953}