{"stats":{"minecraft:dropped":{"minecraft:cooked_mutton":1},"minecraft:killed":{"minecraft:skeleton":3,"minecraft:sheep":13,"minecraft:pillager":7,"minecraft:chicken":4,"minecraft:cow":1},"minecraft:custom":{"minecraft:interact_with_furnace":26,"minecraft:mob_kills":28,"minecraft:interact_with_crafting_table":27,"minecraft:time_since_death":77972,"minecraft:sleep_in_bed":3,"minecraft:time_since_rest":11309,"minecraft:sprint_one_cm":163124,"minecraft:damage_taken":317,"minecraft:walk_one_cm":228704,"minecraft:damage_blocked_by_shield":370,"minecraft:drop":1,"minecraft:damage_dealt":3209,"minecraft:swim_one_cm":86977,"minecraft:fly_one_cm":69838,"minecraft:open_chest":17,"minecraft:crouch_one_cm":890,"minecraft:play_time":77972,"minecraft:sneak_time":1144,"minecraft:walk_under_water_one_cm":12070,"minecraft:jump":813,"minecraft:walk_on_water_one_cm":27743,"minecraft:total_world_time":77972,"minecraft:fall_one_cm":13212},"minecraft:broken":{"minecraft:stone_pickaxe":2,"minecraft:wooden_axe":1,"minecraft:wooden_pickaxe":1},"minecraft:mined":{"minecraft:oak_door":5,"minecraft:crafting_table":2,"minecraft:torch":1,"minecraft:granite":8,"minecraft:short_grass":8,"minecraft:grass_block":22,"minecraft:chest":1,"minecraft:copper_ore":7,"minecraft:cobblestone":5,"minecraft:deepslate_gold_ore":3,"minecraft:lapis_ore":18,"minecraft:oak_planks":2,"minecraft:diorite":6,"minecraft:redstone_ore":6,"minecraft:furnace":1,"minecraft:iron_ore":38,"minecraft:andesite":2,"minecraft:coal_ore":14,"minecraft:oak_log":116,"minecraft:deepslate_iron_ore":1,"minecraft:gravel":1,"minecraft:dirt":40,"minecraft:stone":268,"minecraft:deepslate":2,"minecraft:oak_leaves":67},"minecraft:used":{"minecraft:wheat_seeds":2,"minecraft:cooked_mutton":6,"minecraft:water_bucket":10,"minecraft:diorite":3,"minecraft:stone_pickaxe":277,"minecraft:oak_planks":1,"minecraft:wooden_pickaxe":59,"minecraft:chest":1,"minecraft:shield":13,"minecraft:iron_sword":37,"minecraft:cooked_chicken":1,"minecraft:oak_door":6,"minecraft:torch":25,"minecraft:dirt":59,"minecraft:crafting_table":5,"minecraft:crossbow":1,"minecraft:white_bed":3,"minecraft:granite":4,"minecraft:wooden_axe":57,"minecraft:lava_bucket":11,"minecraft:apple":3,"minecraft:iron_pickaxe":61,"minecraft:stone_axe":110,"minecraft:cobblestone":37,"minecraft:furnace":2,"minecraft:bucket":21},"minecraft:crafted":{"minecraft:oak_door":3,"minecraft:oak_planks":100,"minecraft:crafting_table":3,"minecraft:wooden_pickaxe":1,"minecraft:cooked_chicken":1,"minecraft:iron_sword":1,"minecraft:furnace":1,"minecraft:bucket":1,"minecraft:stone_axe":1,"minecraft:cooked_mutton":9,"minecraft:air":0,"minecraft:iron_boots":1,"minecraft:iron_chestplate":1,"minecraft:charcoal":47,"minecraft:shield":1,"minecraft:stick":36,"minecraft:iron_ingot":12,"minecraft:iron_pickaxe":1,"minecraft:stone_pickaxe":5,"minecraft:wooden_axe":1,"minecraft:chest":1,"minecraft:iron_leggings":1,"minecraft:white_bed":3,"minecraft:torch":76},"minecraft:picked_up":{"minecraft:crafting_table":2,"minecraft:feather":2,"minecraft:chicken":4,"minecraft:andesite":2,"minecraft:leather":2,"minecraft:oak_log":114,"minecraft:lapis_lazuli":114,"minecraft:dirt":85,"minecraft:raw_copper":16,"minecraft:cooked_mutton":1,"minecraft:bone":3,"minecraft:apple":3,"minecraft:bow":1,"minecraft:wheat_seeds":2,"minecraft:cobbled_deepslate":2,"minecraft:raw_gold":3,"minecraft:beef":3,"minecraft:iron_ingot":17,"minecraft:poppy":2,"minecraft:light_gray_wool":1,"minecraft:chest":1,"minecraft:oak_planks":2,"minecraft:furnace":1,"minecraft:egg":1,"minecraft:stick":7,"minecraft:raw_iron":39,"minecraft:oak_door":5,"minecraft:gravel":1,"minecraft:diorite":6,"minecraft:redstone":17,"minecraft:crossbow":1,"minecraft:granite":8,"minecraft:oak_sapling":25,"minecraft:dark_oak_fence":13,"minecraft:mutton":15,"minecraft:coal":14,"minecraft:white_wool":12,"minecraft:cobblestone":270}},"DataVersion":3953}