{"stats":{"minecraft:killed":{"minecraft:skeleton":2,"minecraft:sheep":9,"minecraft:chicken":4},"minecraft:custom":{"minecraft:interact_with_furnace":19,"minecraft:mob_kills":15,"minecraft:interact_with_crafting_table":13,"minecraft:time_since_death":41972,"minecraft:sleep_in_bed":1,"minecraft:time_since_rest":8200,"minecraft:sprint_one_cm":90985,"minecraft:damage_taken":95,"minecraft:walk_one_cm":103433,"minecraft:damage_blocked_by_shield":30,"minecraft:damage_dealt":1285,"minecraft:swim_one_cm":4708,"minecraft:fly_one_cm":23986,"minecraft:open_chest":9,"minecraft:crouch_one_cm":284,"minecraft:play_time":41972,"minecraft:sneak_time":758,"minecraft:walk_under_water_one_cm":1276,"minecraft:jump":406,"minecraft:walk_on_water_one_cm":6513,"minecraft:total_world_time":41972,"minecraft:fall_one_cm":3112},"minecraft:broken":{"minecraft:stone_pickaxe":1,"minecraft:wooden_axe":1,"minecraft:wooden_pickaxe":1},"minecraft:mined":{"minecraft:crafting_table":2,"minecraft:torch":1,"minecraft:granite":2,"minecraft:short_grass":3,"minecraft:grass_block":13,"minecraft:lapis_ore":11,"minecraft:diorite":3,"minecraft:furnace":1,"minecraft:iron_ore":30,"minecraft:oak_log":116,"minecraft:gravel":1,"minecraft:dirt":40,"minecraft:stone":257,"minecraft:oak_leaves":67},"minecraft:used":{"minecraft:cooked_mutton":2,"minecraft:diorite":3,"minecraft:stone_pickaxe":234,"minecraft:oak_planks":1,"minecraft:wooden_pickaxe":59,"minecraft:chest":1,"minecraft:shield":1,"minecraft:torch":17,"minecraft:dirt":58,"minecraft:crafting_table":3,"minecraft:white_bed":1,"minecraft:wooden_axe":57,"minecraft:apple":3,"minecraft:iron_pickaxe":28,"minecraft:stone_axe":104,"minecraft:cobblestone":3,"minecraft:furnace":2},"minecraft:crafted":{"minecraft:oak_planks":100,"minecraft:crafting_table":1,"minecraft:wooden_pickaxe":1,"minecraft:cooked_chicken":1,"minecraft:furnace":1,"minecraft:stone_axe":1,"minecraft:cooked_mutton":2,"minecraft:air":0,"minecraft:iron_chestplate":1,"minecraft:charcoal":37,"minecraft:shield":1,"minecraft:stick":12,"minecraft:iron_ingot":12,"minecraft:iron_pickaxe":1,"minecraft:stone_pickaxe":2,"minecraft:wooden_axe":1,"minecraft:chest":1,"minecraft:white_bed":1,"minecraft:torch":20},"minecraft:picked_up":{"minecraft:crafting_table":2,"minecraft:feather":2,"minecraft:chicken":4,"minecraft:oak_log":114,"minecraft:lapis_lazuli":72,"minecraft:dirt":67,"minecraft:bone":2,"minecraft:apple":3,"minecraft:bow":1,"minecraft:furnace":1,"minecraft:egg":1,"minecraft:stick":7,"minecraft:raw_iron":30,"minecraft:gravel":1,"minecraft:diorite":3,"minecraft:granite":2,"minecraft:oak_sapling":25,"minecraft:mutton":11,"minecraft:white_wool":10,"minecraft:cobblestone":257}},"DataVersion":3953}