{"stats":{"minecraft:dropped":{"minecraft:wheat_seeds":1,"minecraft:feather":2},"minecraft:killed":{"minecraft:pig":1,"minecraft:chicken":3},"minecraft:custom":{"minecraft:time_since_rest":5026,"minecraft:open_chest":3,"minecraft:interact_with_furnace":4,"minecraft:crouch_one_cm":77,"minecraft:play_time":5972,"minecraft:sprint_one_cm":15302,"minecraft:damage_taken":40,"minecraft:walk_one_cm":10292,"minecraft:sneak_time":32,"minecraft:mob_kills":4,"minecraft:drop":3,"minecraft:jump":135,"minecraft:damage_dealt":220,"minecraft:time_since_death":5972,"minecraft:sleep_in_bed":1,"minecraft:total_world_time":5972,"minecraft:interact_with_crafting_table":3,"minecraft:fall_one_cm":4268,"minecraft:fly_one_cm":34266},"minecraft:used":{"minecraft:stone_axe":10,"minecraft:stone_sword":6,"minecraft:cooked_porkchop":1,"minecraft:egg":1},"minecraft:mined":{"minecraft:short_grass":1,"minecraft:oak_log":15},"minecraft:picked_up":{"minecraft:feather":2,"minecraft:chicken":3,"minecraft:wheat_seeds":1,"minecraft:porkchop":3,"minecraft:oak_log":15,"minecraft:egg":1},"minecraft:crafted":{"minecraft:stone_sword":1,"minecraft:oak_planks":60,"minecraft:torch":92,"minecraft:cooked_porkchop":3,"minecraft:stone_axe":1,"minecraft:stick":28,"minecraft:cooked_chicken":3,"minecraft:stone_pickaxe":1}},"DataVersion":3953}