{"stats":{"minecraft:dropped":{"minecraft:enchanted_book":1,"minecraft:stone_axe":1,"minecraft:wheat_seeds":1,"minecraft:stone_sword":1,"minecraft:cobblestone":24,"minecraft:feather":2,"minecraft:gunpowder":2,"minecraft:spider_eye":2,"minecraft:stone_pickaxe":1,"minecraft:bone":10},"minecraft:killed":{"minecraft:cave_spider":1,"minecraft:pig":1,"minecraft:spider":2,"minecraft:creeper":1,"minecraft:skeleton":4,"minecraft:zombie":2,"minecraft:chicken":3},"minecraft:custom":{"minecraft:interact_with_furnace":20,"minecraft:mob_kills":14,"minecraft:interact_with_anvil":3,"minecraft:interact_with_crafting_table":11,"minecraft:leave_game":1,"minecraft:time_since_death":38304,"minecraft:sleep_in_bed":1,"minecraft:time_since_rest":24521,"minecraft:sprint_one_cm":105039,"minecraft:damage_taken":395,"minecraft:walk_one_cm":117520,"minecraft:damage_blocked_by_shield":525,"minecraft:drop":35,"minecraft:damage_dealt":1955,"minecraft:swim_one_cm":3119,"minecraft:fly_one_cm":107243,"minecraft:open_chest":24,"minecraft:crouch_one_cm":3130,"minecraft:play_time":38304,"minecraft:sneak_time":663,"minecraft:walk_under_water_one_cm":937,"minecraft:jump":638,"minecraft:walk_on_water_one_cm":1295,"minecraft:total_world_time":38304,"minecraft:fall_one_cm":18354},"minecraft:used":{"minecraft:water_bucket":13,"minecraft:diorite":9,"minecraft:stone_sword":6,"minecraft:shield":10,"minecraft:iron_sword":50,"minecraft:cooked_chicken":1,"minecraft:iron_chestplate":2,"minecraft:torch":115,"minecraft:dirt":3,"minecraft:tuff":21,"minecraft:granite":2,"minecraft:lava_bucket":2,"minecraft:iron_pickaxe":228,"minecraft:iron_helmet":1,"minecraft:iron_boots":1,"minecraft:stone_axe":10,"minecraft:cobblestone":1,"minecraft:cooked_porkchop":1,"minecraft:cooked_cod":7,"minecraft:bucket":17,"minecraft:andesite":2,"minecraft:egg":1,"minecraft:cobbled_deepslate":1,"minecraft:iron_leggings":2},"minecraft:mined":{"minecraft:deepslate_redstone_ore":10,"minecraft:tuff":26,"minecraft:torch":1,"minecraft:granite":2,"minecraft:short_grass":1,"minecraft:grass_block":2,"minecraft:deepslate_gold_ore":3,"minecraft:diorite":9,"minecraft:spawner":3,"minecraft:andesite":3,"minecraft:oak_log":15,"minecraft:coal_ore":26,"minecraft:dirt":1,"minecraft:cobweb":21,"minecraft:stone":26,"minecraft:gold_ore":6,"minecraft:deepslate":114},"minecraft:crafted":{"minecraft:cooked_cod":11,"minecraft:oak_planks":80,"minecraft:cooked_porkchop":3,"minecraft:cooked_chicken":3,"minecraft:iron_sword":1,"minecraft:bucket":2,"minecraft:stone_axe":1,"minecraft:shield":1,"minecraft:iron_axe":1,"minecraft:stick":48,"minecraft:iron_pickaxe":2,"minecraft:stone_pickaxe":1,"minecraft:stone_sword":1,"minecraft:torch":136},"minecraft:picked_up":{"minecraft:feather":2,"minecraft:chicken":3,"minecraft:andesite":2,"minecraft:tuff":21,"minecraft:oak_log":15,"minecraft:gunpowder":2,"minecraft:dirt":3,"minecraft:string":23,"minecraft:bone":10,"minecraft:wheat_seeds":1,"minecraft:cobbled_deepslate":112,"minecraft:raw_gold":9,"minecraft:egg":1,"minecraft:torch":2,"minecraft:porkchop":3,"minecraft:diorite":9,"minecraft:redstone":43,"minecraft:spider_eye":2,"minecraft:arrow":3,"minecraft:granite":2,"minecraft:coal":26,"minecraft:cobblestone":25}},"DataVersion":3953}