{"stats":{"minecraft:dropped":{"minecraft:stone_axe":1,"minecraft:wheat_seeds":1,"minecraft:stone_sword":1,"minecraft:feather":2,"minecraft:stone_pickaxe":1},"minecraft:killed":{"minecraft:pig":1,"minecraft:chicken":3,"minecraft:spider":1},"minecraft:custom":{"minecraft:time_since_rest":10189,"minecraft:interact_with_furnace":20,"minecraft:sprint_one_cm":58966,"minecraft:damage_taken":164,"minecraft:walk_one_cm":62582,"minecraft:interact_with_anvil":3,"minecraft:mob_kills":5,"minecraft:drop":6,"minecraft:damage_dealt":552,"minecraft:swim_one_cm":3119,"minecraft:interact_with_crafting_table":9,"minecraft:fly_one_cm":88272,"minecraft:open_chest":23,"minecraft:crouch_one_cm":2452,"minecraft:play_time":23972,"minecraft:sneak_time":587,"minecraft:walk_under_water_one_cm":937,"minecraft:jump":468,"minecraft:walk_on_water_one_cm":1256,"minecraft:time_since_death":23972,"minecraft:sleep_in_bed":1,"minecraft:total_world_time":23972,"minecraft:fall_one_cm":15809},"minecraft:mined":{"minecraft:granite":2,"minecraft:andesite":3,"minecraft:coal_ore":10,"minecraft:short_grass":1,"minecraft:grass_block":2,"minecraft:oak_log":15,"minecraft:stone":11,"minecraft:diorite":9,"minecraft:spawner":1},"minecraft:used":{"minecraft:water_bucket":11,"minecraft:lava_bucket":2,"minecraft:stone_sword":6,"minecraft:iron_pickaxe":36,"minecraft:iron_helmet":1,"minecraft:iron_sword":4,"minecraft:iron_boots":1,"minecraft:cooked_chicken":1,"minecraft:stone_axe":10,"minecraft:iron_chestplate":2,"minecraft:torch":39,"minecraft:dirt":2,"minecraft:cooked_cod":2,"minecraft:cooked_porkchop":1,"minecraft:andesite":2,"minecraft:bucket":15,"minecraft:egg":1,"minecraft:iron_leggings":2},"minecraft:picked_up":{"minecraft:feather":2,"minecraft:chicken":3,"minecraft:andesite":2,"minecraft:porkchop":3,"minecraft:oak_log":15,"minecraft:diorite":9,"minecraft:string":1,"minecraft:dirt":2,"minecraft:wheat_seeds":1,"minecraft:granite":2,"minecraft:coal":10,"minecraft:cobblestone":10,"minecraft:egg":1},"minecraft:crafted":{"minecraft:cooked_cod":11,"minecraft:oak_planks":80,"minecraft:cooked_porkchop":3,"minecraft:shield":1,"minecraft:iron_axe":1,"minecraft:stick":44,"minecraft:iron_pickaxe":1,"minecraft:cooked_chicken":3,"minecraft:stone_pickaxe":1,"minecraft:stone_sword":1,"minecraft:iron_sword":1,"minecraft:bucket":2,"minecraft:torch":136,"minecraft:stone_axe":1}},"DataVersion":3953}